graph_id,model,n,m,deg_mean,deg_std,clust_mean,assortativity,mis,exact_maxcut
0,barabasi,12,20,3.3333,1.8856,0.2312,-0.5142,0.5,18
1,watts,20,40,4.0,0.9487,0.2867,-0.1185,0.35,31
2,barabasi,13,12,1.8462,1.4058,0.0,-0.7216,0.6923,12
3,watts,17,17,2.0,0.9075,0.0,-0.2042,0.4706,17
4,gnm,19,149,15.6842,1.1722,0.8678,-0.0967,0.1579,86
5,watts,10,10,2.0,0.4472,0.0,-0.0526,0.5,10
6,watts,19,38,4.0,0.4588,0.3772,-0.0133,0.3684,29
7,barabasi,13,12,1.8462,1.2308,0.0,-0.5195,0.6154,12
8,watts,8,16,4.0,1.0,0.6375,-0.0833,0.25,12
9,barabasi,20,36,3.6,2.1541,0.0651,-0.4045,0.4,30
10,gnm,11,31,5.6364,1.2264,0.484,-0.0896,0.2727,23
11,barabasi,8,7,1.75,1.299,0.0,-0.5867,0.625,7
12,barabasi,16,15,1.875,1.317,0.0,-0.2698,0.625,15
13,watts,14,28,4.0,1.0,0.3714,-0.2473,0.3571,21
14,watts,15,15,2.0,0.8165,0.1111,-0.1471,0.4667,14
15,regular,12,24,4.0,0.0,0.3333,,0.3333,18
16,barabasi,19,18,1.8947,1.8323,0.0,-0.4088,0.6316,18
17,gnm,15,89,11.8667,1.2037,0.8384,-0.0595,0.2,54
18,gnm,18,125,13.8889,1.7603,0.8283,-0.1312,0.1667,75
19,watts,17,17,2.0,0.8402,0.0,-0.242,0.5294,16
20,barabasi,14,24,3.4286,2.0603,0.6996,-0.3958,0.4286,18
21,gnm,6,7,2.3333,0.9428,0.25,-0.5556,0.5,6
22,watts,12,24,4.0,0.7071,0.3889,-0.2043,0.3333,19
23,watts,15,30,4.0,1.2111,0.2429,-0.27,0.4,25
24,watts,10,10,2.0,0.4472,0.0,-0.0526,0.5,9
25,barabasi,9,8,1.7778,1.2273,0.0,-0.5748,0.5556,8
26,regular,20,20,2.0,0.0,0.0,,0.45,20
27,gnm,18,133,14.7778,1.4741,0.8719,-0.1253,0.1667,78
28,barabasi,19,34,3.5789,2.4776,0.4164,-0.3501,0.4211,27
29,watts,7,14,4.0,0.7559,0.6238,-0.1667,0.2857,10
30,barabasi,12,11,1.8333,1.2802,0.0,-0.3484,0.5,11
31,gnm,10,21,4.2,1.077,0.5267,-0.3835,0.4,15
32,gnm,7,17,4.8571,0.6389,0.7714,-0.2966,0.2857,12
33,barabasi,16,39,4.875,2.3684,0.3637,-0.3335,0.375,32
34,watts,19,38,4.0,1.0761,0.2188,-0.1844,0.4211,30
35,barabasi,13,12,1.8462,2.1428,0.0,-0.6763,0.6923,12
36,barabasi,9,8,1.7778,1.5476,0.0,-0.6391,0.6667,8
37,watts,15,15,2.0,0.0,0.0,,0.4667,14
38,barabasi,7,6,1.7143,0.6999,0.0,-0.6667,0.4286,6
39,barabasi,16,15,1.875,1.4524,0.0,-0.5882,0.6875,15
40,barabasi,20,64,6.4,2.8,0.3732,-0.3084,0.4,47
41,regular,16,24,3.0,0.0,0.0,,0.375,22
42,gnm,19,87,9.1579,2.0069,0.5053,-0.0565,0.2105,58
43,watts,9,9,2.0,0.6667,0.1852,0.1562,0.4444,8
44,barabasi,8,7,1.75,1.0897,0.0,-0.5867,0.625,7
45,regular,6,9,3.0,0.0,0.3333,,0.3333,7
46,barabasi,15,14,1.8667,1.5434,0.0,-0.4818,0.6667,14
47,watts,8,8,2.0,0.5,0.2917,-0.0667,0.375,7
48,barabasi,17,42,4.9412,2.6451,0.5312,-0.3646,0.4118,32
49,barabasi,8,7,1.75,1.0897,0.0,-0.4933,0.625,7
50,watts,10,10,2.0,0.4472,0.0,-0.0526,0.5,10
51,regular,14,14,2.0,0.0,0.0,,0.4286,14
52,barabasi,12,20,3.3333,1.4907,0.3139,-0.3137,0.4167,17
53,barabasi,12,11,1.8333,1.1426,0.0,-0.2974,0.5,11
54,gnm,6,7,2.3333,0.4714,0.2778,-0.1667,0.5,6
55,barabasi,16,28,3.5,1.9039,0.3049,-0.3503,0.5,23
56,watts,8,16,4.0,0.7071,0.4667,-0.1613,0.25,13
57,barabasi,20,51,5.1,2.5671,0.3382,-0.4138,0.35,39
58,barabasi,18,17,1.8889,1.2862,0.0,-0.2413,0.5556,17
59,gnm,14,36,5.1429,1.1867,0.3588,-0.1163,0.2857,27
60,gnm,10,32,6.4,1.0198,0.6717,-0.1513,0.3,22
61,barabasi,7,6,1.7143,1.3851,0.0,-0.776,0.7143,6
62,watts,15,30,4.0,1.3663,0.4206,-0.1709,0.4,22
63,watts,7,14,4.0,0.7559,0.5714,-0.4259,0.4286,10
64,gnm,6,10,3.3333,0.7454,0.6667,-0.3333,0.3333,7
65,barabasi,11,10,1.8182,1.4659,0.0,-0.4651,0.5455,10
66,regular,12,24,4.0,0.0,0.375,,0.3333,18
67,watts,10,20,4.0,0.6325,0.4733,-0.0256,0.4,15
68,gnm,20,47,4.7,1.7059,0.2011,-0.2134,0.4,40
69,barabasi,6,5,1.6667,1.1055,0.0,-0.7391,0.6667,5
70,regular,20,20,2.0,0.0,0.0,,0.4,20
71,watts,7,14,4.0,1.069,0.7333,-0.4,0.2857,10
72,watts,7,7,2.0,1.069,0.0,-0.6066,0.5714,7
73,watts,11,11,2.0,0.4264,0.0,-0.0476,0.5455,11
74,regular,7,14,4.0,0.0,0.4286,,0.4286,12
75,gnm,17,60,7.0588,1.7311,0.4232,-0.2078,0.2353,43
76,regular,16,16,2.0,0.0,0.0,,0.4375,16
77,barabasi,10,9,1.8,0.9798,0.0,-0.2727,0.5,9
78,barabasi,17,42,4.9412,2.6002,0.3522,-0.2744,0.3529,34
79,barabasi,13,12,1.8462,1.657,0.0,-0.5339,0.5385,12
80,gnm,6,7,2.3333,0.4714,0.0,-0.75,0.5,6
81,gnm,7,16,4.5714,0.9035,0.7571,-0.25,0.2857,11
82,barabasi,7,6,1.7143,1.0302,0.0,-0.5,0.5714,6
83,watts,19,38,4.0,0.6489,0.386,-0.027,0.3158,30
84,watts,7,14,4.0,1.3093,0.8095,-0.4933,0.4286,10
85,regular,14,14,2.0,0.0,0.0,,0.4286,14
86,barabasi,20,19,1.9,1.7,0.0,-0.5188,0.6,19
87,watts,13,13,2.0,0.5547,0.0,0.1875,0.4615,12
88,regular,20,30,3.0,0.0,0.05,,0.4,27
89,watts,14,14,2.0,0.378,0.0,-0.037,0.5,14
90,gnm,16,93,11.625,1.2183,0.7547,-0.1393,0.1875,57
91,regular,6,6,2.0,0.0,0.0,,0.5,6
92,regular,8,16,4.0,0.0,0.5,,0.25,12
93,barabasi,12,20,3.3333,2.3921,0.7497,-0.4221,0.4167,15
94,gnm,18,107,11.8889,1.8526,0.6822,-0.2576,0.2222,70
95,gnm,12,29,4.8333,1.3437,0.3778,-0.1763,0.3333,22
96,watts,17,34,4.0,0.8402,0.2196,-0.1179,0.3529,28
97,barabasi,10,9,1.8,0.9798,0.0,-0.2727,0.6,9
98,watts,7,14,4.0,0.9258,0.719,-0.1966,0.2857,10
99,gnm,13,29,4.4615,1.9061,0.4447,-0.4078,0.3846,21
100,watts,20,40,4.0,0.6325,0.3283,-0.1538,0.3,31
101,gnm,19,90,9.4737,1.7582,0.5577,-0.1775,0.2105,59
102,gnm,11,18,3.2727,1.3545,0.3606,-0.3962,0.3636,15
103,barabasi,10,9,1.8,1.4697,0.0,-0.5,0.6,9
104,regular,8,16,4.0,0.0,0.4375,,0.25,12
105,gnm,8,12,3.0,1.118,0.4458,-0.0839,0.375,9
106,barabasi,8,7,1.75,1.0897,0.0,-0.5867,0.625,7
107,gnm,14,68,9.7143,1.3325,0.7278,-0.1164,0.2143,44
108,gnm,8,24,6.0,0.7071,0.8357,-0.1831,0.25,16
109,watts,12,24,4.0,0.7071,0.3722,-0.3763,0.3333,18
110,barabasi,18,45,5.0,2.1602,0.3832,-0.2232,0.3889,34
111,regular,17,34,4.0,0.0,0.1765,,0.2941,28
112,gnm,14,51,7.2857,1.4846,0.56,-0.2701,0.2143,35
113,gnm,19,52,5.4737,1.666,0.2679,0.0825,0.2632,38
114,watts,15,30,4.0,0.3651,0.4756,-0.0084,0.3333,23
115,barabasi,6,5,1.6667,0.9428,0.0,-0.6667,0.5,5
116,watts,19,19,2.0,0.7947,0.0,0.0104,0.4737,19
117,gnm,19,167,17.5789,0.674,0.9774,-0.1263,0.1053,90
118,watts,18,36,4.0,0.7454,0.213,0.1194,0.3333,29
119,watts,17,17,2.0,0.8402,0.098,-0.1644,0.4706,16
120,regular,13,26,4.0,0.0,0.2692,,0.3077,20
121,regular,12,18,3.0,0.0,0.25,,0.3333,15
122,gnm,15,38,5.0667,1.2893,0.3371,-0.2789,0.4,28
123,barabasi,8,7,1.75,1.9843,0.0,-1.0,0.875,7
124,barabasi,8,7,1.75,1.0897,0.0,-0.5867,0.625,7
125,barabasi,9,8,1.7778,1.2273,0.0,-0.5748,0.5556,8
126,barabasi,13,22,3.3846,2.2027,0.641,-0.3571,0.4615,17
127,barabasi,12,11,1.8333,1.9508,0.0,-0.7014,0.75,11
128,barabasi,9,8,1.7778,1.0304,0.0,-0.3793,0.5556,8
129,watts,20,40,4.0,1.3038,0.2148,-0.1298,0.3,34
130,barabasi,10,9,1.8,1.4,0.0,-0.6364,0.5,9
131,regular,20,30,3.0,0.0,0.1,,0.35,26
132,barabasi,7,6,1.7143,0.6999,0.0,-0.6667,0.5714,6
133,gnm,17,40,4.7059,1.9331,0.2938,-0.2133,0.2941,30
134,watts,16,32,4.0,1.118,0.2274,-0.0602,0.4375,26
135,watts,15,15,2.0,0.8165,0.0,0.0294,0.4667,15
136,watts,7,14,4.0,0.7559,0.5762,-0.037,0.2857,10
137,gnm,20,155,15.5,1.4663,0.8117,-0.0519,0.15,92
138,barabasi,14,24,3.4286,2.0253,0.3439,-0.5878,0.5,20
139,regular,17,34,4.0,0.0,0.2059,,0.2941,26
140,watts,9,18,4.0,0.6667,0.3111,-0.1571,0.3333,15
141,gnm,15,29,3.8667,1.8927,0.2111,-0.2136,0.4,23
142,gnm,14,57,8.1429,0.9147,0.5842,0.0343,0.2143,40
143,watts,12,24,4.0,0.8165,0.3611,-0.0364,0.3333,18
144,watts,17,17,2.0,0.686,0.0,-0.0936,0.5294,17
145,regular,19,19,2.0,0.0,0.0,,0.4211,18
146,watts,7,7,2.0,0.9258,0.3095,-0.1667,0.4286,6
147,regular,12,24,4.0,0.0,0.2083,,0.3333,20
148,watts,16,16,2.0,0.7071,0.0,-0.1429,0.5625,16
149,watts,17,17,2.0,0.5941,0.0,0.086,0.4706,16
150,barabasi,10,9,1.8,1.4697,0.0,-0.5952,0.6,9
151,barabasi,14,24,3.4286,2.0253,0.3825,-0.3139,0.4286,20
152,watts,7,7,2.0,0.7559,0.2381,0.125,0.4286,6
153,gnm,13,36,5.5385,1.4995,0.4626,-0.1378,0.3077,26
154,gnm,20,141,14.1,1.7,0.7448,-0.1038,0.15,85
155,barabasi,20,19,1.9,1.8682,0.0,-0.5069,0.6,19
156,regular,18,27,3.0,0.0,0.0556,,0.3889,23
157,barabasi,7,6,1.7143,1.1606,0.0,-0.7143,0.7143,6
158,watts,6,12,4.0,1.0,0.9,-0.4545,0.3333,8
159,regular,16,24,3.0,0.0,0.125,,0.375,20
160,barabasi,20,36,3.6,2.1541,0.0905,-0.3023,0.55,32
161,barabasi,6,5,1.6667,0.4714,0.0,-0.25,0.5,5
162,watts,19,38,4.0,0.7255,0.2982,0.1048,0.3158,29
163,gnm,20,169,16.9,1.7,0.8994,-0.1471,0.15,97
164,regular,10,20,4.0,0.0,0.3,,0.3,16
165,watts,7,14,4.0,0.0,0.5,,0.2857,10
166,gnm,6,7,2.3333,1.1055,0.4167,-0.6042,0.5,6
167,regular,8,16,4.0,0.0,0.375,,0.375,12
168,gnm,8,26,6.5,0.7071,0.9405,-0.322,0.25,16
169,gnm,6,5,1.6667,1.1055,0.0,-0.7391,0.6667,5
170,regular,15,30,4.0,0.0,0.1667,,0.3333,26
171,barabasi,9,8,1.7778,1.2273,0.0,-0.6914,0.6667,8
172,gnm,9,26,5.7778,1.8122,0.8836,-0.2305,0.3333,17
173,regular,20,20,2.0,0.0,0.0,,0.45,20
174,watts,18,36,4.0,0.4714,0.4593,-0.1408,0.2778,27
175,gnm,12,17,2.8333,1.5723,0.2611,-0.2203,0.5,15
176,watts,16,32,4.0,1.0607,0.3271,-0.1517,0.375,25
177,regular,8,16,4.0,0.0,0.375,,0.375,12
178,gnm,8,12,3.0,0.866,0.3333,-0.2121,0.375,10
179,watts,16,32,4.0,0.7071,0.3312,0.0323,0.3125,25
180,gnm,6,11,3.6667,0.7454,0.5833,-0.1,0.3333,8
181,gnm,6,13,4.3333,0.7454,0.9,-0.4444,0.3333,9
182,barabasi,16,15,1.875,1.6536,0.0,-0.7162,0.75,15
183,regular,7,7,2.0,0.0,0.0,,0.4286,6
184,watts,20,20,2.0,0.5477,0.0,-0.0811,0.45,19
185,gnm,12,24,4.0,1.472,0.2964,-0.2011,0.4167,20
186,barabasi,14,13,1.8571,1.2454,0.0,-0.5566,0.5,13
187,watts,14,14,2.0,0.5345,0.1667,-0.3462,0.4286,13
188,gnm,8,16,4.0,0.866,0.5083,-0.316,0.375,12
189,barabasi,16,39,4.875,1.9645,0.2864,-0.261,0.375,31
190,gnm,7,20,5.7143,0.4518,0.9524,-0.3333,0.2857,12
191,barabasi,20,19,1.9,1.2207,0.0,-0.3122,0.55,19
192,barabasi,15,26,3.4667,2.2764,0.3407,-0.5404,0.4667,21
193,watts,12,24,4.0,0.7071,0.4583,-0.1624,0.3333,18
194,gnm,18,146,16.2222,0.7857,0.9537,-0.1009,0.1111,81
195,barabasi,15,26,3.4667,1.9956,0.401,-0.3316,0.5333,20
196,barabasi,10,9,1.8,1.4,0.0,-0.6364,0.6,9
197,gnm,13,26,4.0,1.1767,0.1564,-0.0467,0.3846,21
198,barabasi,14,24,3.4286,2.4117,0.7831,-0.4612,0.4286,18
199,watts,16,32,4.0,1.0,0.2958,-0.1333,0.375,25
200,gnm,10,37,7.4,1.1136,0.8271,-0.2794,0.3,24
201,gnm,14,46,6.5714,2.1285,0.5314,-0.2033,0.3571,33
202,watts,15,15,2.0,0.3651,0.0,-0.0345,0.4667,15
203,watts,17,34,4.0,1.2367,0.2529,-0.4034,0.5294,28
204,watts,13,26,4.0,1.1767,0.2051,-0.1426,0.3846,21
205,watts,10,20,4.0,0.8944,0.3133,-0.25,0.4,16
206,regular,18,18,2.0,0.0,0.0,,0.4444,18
207,watts,10,10,2.0,0.4472,0.0,-0.0526,0.5,10
208,gnm,10,35,7.0,1.0,0.7625,-0.2337,0.2,23
209,barabasi,6,5,1.6667,1.4907,0.0,-1.0,0.8333,5
210,regular,16,24,3.0,0.0,0.0625,,0.375,22
211,gnm,16,40,5.0,2.2913,0.3424,-0.2182,0.3125,31
212,gnm,16,68,8.5,1.7321,0.552,-0.1575,0.25,47
213,regular,13,13,2.0,0.0,0.0,,0.4615,12
214,regular,12,18,3.0,0.0,0.0,,0.5,18
215,watts,17,17,2.0,0.686,0.0,0.0058,0.5294,17
216,watts,17,17,2.0,0.5941,0.0,0.086,0.4706,17
217,regular,12,24,4.0,0.0,0.1667,,0.3333,20
218,watts,20,20,2.0,0.7746,0.0833,-0.2745,0.45,19
219,gnm,15,59,7.8667,1.8209,0.6042,-0.1078,0.2,39
220,barabasi,18,17,1.8889,1.4487,0.0,-0.2903,0.6111,17
221,barabasi,13,22,3.3846,1.9822,0.4821,-0.3793,0.5385,18
222,gnm,10,17,3.4,1.3565,0.3067,-0.3949,0.5,13
223,gnm,20,127,12.7,2.3043,0.6834,-0.1025,0.2,79
224,barabasi,8,7,1.75,0.8292,0.0,-0.2353,0.5,7
225,barabasi,16,15,1.875,1.9645,0.0,-0.5035,0.625,15
226,gnm,10,39,7.8,0.7483,0.8524,-0.1628,0.2,25
227,watts,18,36,4.0,1.0,0.2333,-0.3333,0.3889,29
228,watts,6,6,2.0,0.5774,0.0,-0.6364,0.5,5
229,regular,11,22,4.0,0.0,0.2727,,0.2727,16
230,watts,13,26,4.0,1.0377,0.4513,-0.1678,0.3077,20
231,barabasi,13,22,3.3846,1.2733,0.1667,-0.3216,0.4615,18
232,gnm,14,79,11.2857,1.0302,0.8617,-0.1465,0.2143,48
233,watts,11,11,2.0,0.7385,0.197,-0.3444,0.5455,10
234,gnm,7,11,3.1429,0.833,0.3571,-0.2222,0.4286,9
235,watts,19,38,4.0,0.8584,0.3912,-0.0857,0.3158,29
236,barabasi,11,10,1.8182,1.1923,0.0,-0.4368,0.6364,10
237,gnm,9,25,5.5556,1.0657,0.6598,-0.2425,0.2222,18
238,barabasi,16,28,3.5,2.0,0.1267,-0.5761,0.5,24
239,watts,8,16,4.0,1.0,0.4625,-0.2222,0.375,12
240,watts,8,16,4.0,1.0,0.4875,-0.3889,0.5,13
241,watts,18,36,4.0,1.1055,0.337,-0.2833,0.3889,28
242,barabasi,16,39,4.875,2.4969,0.4539,-0.2892,0.375,30
243,barabasi,17,42,4.9412,2.4125,0.3738,-0.184,0.3529,33
244,watts,7,14,4.0,0.7559,0.5762,-0.037,0.2857,10
245,regular,14,21,3.0,0.0,0.2143,,0.3571,18
246,gnm,20,187,18.7,0.7141,0.986,-0.1282,0.1,100
247,regular,10,20,4.0,0.0,0.25,,0.4,16
248,watts,17,17,2.0,0.4851,0.0,-0.0625,0.5294,17
249,watts,6,12,4.0,0.5774,0.7278,-0.2766,0.3333,9
250,regular,20,30,3.0,0.0,0.1,,0.35,27
251,gnm,20,89,8.9,1.9723,0.462,-0.0403,0.25,61
252,watts,17,17,2.0,0.767,0.098,-0.2897,0.5294,16
253,barabasi,18,45,5.0,2.582,0.4264,-0.3005,0.3889,34
254,regular,11,11,2.0,0.0,0.0,,0.4545,10
255,regular,7,14,4.0,0.0,0.5,,0.2857,10
256,watts,16,32,4.0,1.0,0.2479,0.1,0.375,25
257,barabasi,17,42,4.9412,2.8997,0.4676,-0.4106,0.4118,33
258,regular,6,6,2.0,0.0,0.0,,0.5,6
259,gnm,15,92,12.2667,0.9286,0.867,-0.1457,0.1333,56
260,regular,6,9,3.0,0.0,0.3333,,0.3333,7
261,watts,16,16,2.0,0.7071,0.0,-0.4286,0.5,16
262,watts,19,38,4.0,0.6489,0.2368,-0.0765,0.3158,30
263,watts,18,18,2.0,0.5774,0.1296,-0.4545,0.4444,17
264,watts,10,20,4.0,0.8944,0.2967,-0.044,0.3,16
265,watts,10,20,4.0,0.7746,0.46,-0.2121,0.4,15
266,watts,7,7,2.0,0.7559,0.0,-0.4583,0.4286,7
267,watts,18,36,4.0,0.8819,0.2704,-0.1134,0.3333,28
268,watts,12,12,2.0,0.0,0.0,,0.5,12
269,regular,20,40,4.0,0.0,0.175,,0.3,32
270,gnm,14,43,6.1429,2.0653,0.5767,-0.1666,0.2857,30
271,gnm,19,94,9.8947,1.9438,0.5669,-0.1342,0.2105,63
272,gnm,8,14,3.5,1.0,0.5917,-0.3208,0.375,11
273,barabasi,7,6,1.7143,1.0302,0.0,-0.7143,0.5714,6
274,gnm,14,36,5.1429,1.4569,0.4741,-0.0439,0.2857,27
275,watts,20,40,4.0,0.8944,0.1683,-0.1513,0.4,34
276,regular,19,38,4.0,0.0,0.1579,,0.3684,32
277,watts,13,26,4.0,1.3009,0.2744,-0.0674,0.3846,21
278,gnm,11,35,6.3636,1.7201,0.668,-0.2862,0.2727,24
279,watts,20,20,2.0,1.0,0.0,-0.2963,0.6,20
280,barabasi,6,5,1.6667,1.1055,0.0,-0.7391,0.6667,5
281,barabasi,9,8,1.7778,0.9162,0.0,-0.3846,0.5556,8
282,gnm,8,14,3.5,1.3229,0.3417,-0.2667,0.375,12
283,barabasi,6,5,1.6667,0.9428,0.0,-0.6667,0.6667,5
284,barabasi,14,24,3.4286,1.7202,0.2891,-0.3265,0.4286,19
285,watts,17,17,2.0,0.686,0.0,-0.275,0.5294,17
286,watts,20,40,4.0,1.0,0.2067,-0.2267,0.35,32
287,barabasi,19,48,5.0526,2.2821,0.4019,-0.3177,0.3684,36
288,gnm,8,18,4.5,1.3229,0.7667,-0.3171,0.25,12
289,barabasi,7,6,1.7143,0.8806,0.0,-0.4483,0.5714,6
290,regular,10,20,4.0,0.0,0.25,,0.3,16
291,barabasi,20,19,1.9,1.9723,0.0,-0.6547,0.75,19
292,regular,20,40,4.0,0.0,0.1,,0.35,32
293,gnm,14,89,12.7143,0.4518,0.9774,-0.141,0.1429,49
294,watts,9,18,4.0,0.6667,0.4667,-0.2857,0.3333,14
295,gnm,18,103,11.4444,1.8922,0.6784,-0.1337,0.2222,65
296,gnm,17,123,14.4706,1.091,0.9053,-0.1353,0.1176,71
297,gnm,12,64,10.6667,0.4714,0.9684,-0.1636,0.1667,36
298,barabasi,13,12,1.8462,1.2308,0.0,-0.3605,0.4615,12
299,gnm,8,13,3.25,1.0897,0.3958,0.5048,0.375,11
300,watts,7,7,2.0,0.0,0.0,,0.4286,6
301,barabasi,12,20,3.3333,2.0548,0.4365,-0.4767,0.5,16
302,gnm,9,17,3.7778,1.2273,0.4852,-0.4356,0.4444,13
303,barabasi,6,5,1.6667,0.7454,0.0,-0.6667,0.5,5
304,watts,18,18,2.0,0.0,0.0,,0.5,18
305,gnm,7,19,5.4286,0.7284,0.9238,-0.3735,0.2857,12
306,gnm,18,37,4.1111,1.9405,0.2906,-0.1479,0.3333,30
307,watts,16,16,2.0,0.7071,0.0,-0.1429,0.5,16
308,watts,9,18,4.0,0.4714,0.4333,-0.2676,0.3333,13
309,regular,10,15,3.0,0.0,0.4,,0.3,12
310,gnm,12,60,10.0,0.8165,0.9002,-0.1829,0.25,36
311,regular,12,18,3.0,0.0,0.0833,,0.4167,16
312,gnm,20,80,8.0,1.8974,0.4403,0.0349,0.25,55
313,gnm,18,60,6.6667,1.5635,0.3974,-0.0407,0.2222,43
314,gnm,17,88,10.3529,1.6783,0.6469,-0.1193,0.1765,57
315,watts,9,9,2.0,0.6667,0.0,-0.4063,0.4444,9
316,regular,7,7,2.0,0.0,0.0,,0.4286,6
317,barabasi,11,10,1.8182,1.1923,0.0,-0.4368,0.5455,10
318,gnm,16,84,10.5,1.9365,0.7155,-0.1143,0.1875,53
319,watts,18,18,2.0,0.5774,0.0,-0.4545,0.5,18
320,regular,7,7,2.0,0.0,0.0,,0.4286,6
321,gnm,9,29,6.4444,0.9558,0.7847,-0.2485,0.3333,19
322,watts,16,16,2.0,0.5,0.1458,-0.0667,0.5,15
323,regular,7,7,2.0,0.0,0.0,,0.4286,6
324,gnm,19,102,10.7368,2.4245,0.6095,-0.1032,0.2105,66
325,watts,14,14,2.0,1.069,0.0,-0.1951,0.5,14
326,gnm,14,61,8.7143,1.79,0.6912,-0.1563,0.2143,41
327,watts,10,10,2.0,0.6325,0.0,-0.3889,0.5,9
328,barabasi,10,9,1.8,1.6613,0.0,-0.7727,0.8,9
329,watts,6,6,2.0,0.5774,0.0,-0.0909,0.5,6
330,barabasi,18,32,3.5556,1.5713,0.2915,-0.2647,0.4444,27
331,watts,8,16,4.0,1.0,0.475,-0.1111,0.375,13
332,watts,13,26,4.0,0.8771,0.3256,-0.1798,0.3077,20
333,regular,16,16,2.0,0.0,0.0,,0.4375,16
334,watts,19,38,4.0,1.1698,0.2526,-0.266,0.3158,30
335,watts,11,11,2.0,0.4264,0.2121,-0.0476,0.4545,10
336,gnm,11,40,7.2727,1.4827,0.7543,-0.1179,0.2727,26
337,barabasi,8,7,1.75,0.8292,0.0,-0.2353,0.5,7
338,gnm,9,27,6.0,1.1547,0.7437,-0.3269,0.3333,19
339,regular,19,38,4.0,0.0,0.1842,,0.3158,32
340,gnm,9,17,3.7778,0.7857,0.3296,-0.2593,0.3333,13
341,watts,19,38,4.0,0.9177,0.3211,0.0764,0.3684,30
342,watts,12,12,2.0,0.8165,0.0,-0.35,0.5,12
343,regular,14,28,4.0,0.0,0.1786,,0.4286,24
344,gnm,12,53,8.8333,0.986,0.795,-0.1439,0.1667,33
345,regular,16,32,4.0,0.0,0.1562,,0.375,26
346,watts,12,12,2.0,0.7071,0.1389,0.0476,0.5,11
347,barabasi,20,64,6.4,2.3108,0.3331,-0.2613,0.4,48
348,watts,11,11,2.0,0.7385,0.0,-0.3509,0.5455,11
349,barabasi,14,13,1.8571,1.1249,0.0,-0.404,0.5714,13
350,watts,15,30,4.0,1.2649,0.3254,-0.2568,0.4,24
351,barabasi,8,7,1.75,0.9682,0.0,-0.4848,0.625,7
352,barabasi,11,10,1.8182,1.1923,0.0,-0.4368,0.5455,10
353,barabasi,7,6,1.7143,1.3851,0.0,-0.776,0.7143,6
354,watts,10,10,2.0,0.6325,0.0,-0.1111,0.5,10
355,gnm,16,35,4.375,2.4206,0.2509,-0.2836,0.375,27
356,barabasi,19,18,1.8947,1.5181,0.0,-0.3074,0.6842,18
357,regular,9,9,2.0,0.0,0.0,,0.4444,8
358,gnm,13,42,6.4615,1.2779,0.5084,-0.0571,0.2308,30
359,gnm,13,75,11.5385,0.4985,0.9587,-0.1364,0.1538,42
360,watts,15,15,2.0,0.5164,0.0,-0.0714,0.4,14
361,gnm,9,16,3.5556,0.8315,0.1704,-0.1,0.3333,14
362,barabasi,17,42,4.9412,2.1549,0.4131,-0.2963,0.3529,33
363,gnm,19,168,17.6842,0.5669,0.9828,-0.115,0.1053,90
364,barabasi,20,64,6.4,3.1369,0.4649,-0.3207,0.35,47
365,barabasi,7,6,1.7143,0.6999,0.0,-0.3333,0.5714,6
366,barabasi,20,19,1.9,1.3,0.0,-0.2572,0.55,19
367,gnm,12,55,9.1667,1.4625,0.8419,-0.0827,0.1667,35
368,barabasi,7,6,1.7143,0.6999,0.0,-0.3333,0.4286,6
369,gnm,8,24,6.0,0.7071,0.8357,-0.1831,0.25,16
370,watts,14,28,4.0,1.1952,0.267,0.0314,0.3571,22
371,regular,7,7,2.0,0.0,0.0,,0.4286,6
372,gnm,6,11,3.6667,1.2472,0.7667,-0.4474,0.3333,7
373,gnm,12,23,3.8333,1.4044,0.4278,-0.3586,0.3333,18
374,gnm,16,55,6.875,2.0578,0.4774,-0.2387,0.25,38
375,regular,8,12,3.0,0.0,0.25,,0.375,10
376,barabasi,15,14,1.8667,1.4996,0.0,-0.4039,0.6,14
377,gnm,8,25,6.25,0.433,0.8643,-0.1905,0.25,16
378,regular,8,12,3.0,0.0,0.25,,0.375,10
379,barabasi,17,30,3.5294,1.8188,0.1699,-0.3043,0.4706,26
380,gnm,16,49,6.125,1.6154,0.3991,-0.1683,0.3125,36
381,gnm,10,10,2.0,0.7746,0.1667,-0.1765,0.4,9
382,regular,7,7,2.0,0.0,0.0,,0.4286,6
383,watts,10,10,2.0,0.8944,0.0,0.0426,0.5,10
384,watts,11,22,4.0,0.8528,0.3818,-0.1131,0.3636,18
385,gnm,11,18,3.2727,0.8624,0.0606,-0.3333,0.4545,16
386,barabasi,7,6,1.7143,1.3851,0.0,-0.776,0.7143,6
387,gnm,20,46,4.6,1.6553,0.2349,0.0697,0.4,35
388,regular,9,9,2.0,0.0,0.0,,0.4444,8
389,gnm,7,19,5.4286,0.4949,0.8857,-0.2667,0.2857,12
390,regular,10,15,3.0,0.0,0.0,,0.4,13
391,regular,12,18,3.0,0.0,0.3333,,0.3333,14
392,watts,13,13,2.0,0.6794,0.1795,-0.1304,0.4615,12
393,regular,18,36,4.0,0.0,0.1667,,0.3333,28
394,gnm,11,45,8.1818,1.1134,0.813,-0.1923,0.2727,28
395,gnm,15,82,10.9333,1.2365,0.7591,-0.107,0.2,52
396,watts,6,12,4.0,0.5774,0.7278,-0.2766,0.3333,9
397,barabasi,6,5,1.6667,1.1055,0.0,-0.7391,0.6667,5
398,gnm,17,68,8.0,2.4254,0.4669,-0.0771,0.2941,49
399,watts,17,17,2.0,0.9701,0.0,-0.2065,0.5294,16
400,barabasi,15,14,1.8667,1.3098,0.0,-0.659,0.6,14
401,barabasi,16,15,1.875,1.6154,0.0,-0.6768,0.625,15
402,watts,15,15,2.0,1.2111,0.14,-0.3825,0.5333,14
403,barabasi,13,22,3.3846,2.3383,0.62,-0.491,0.4615,17
404,watts,7,14,4.0,0.5345,0.5381,-0.0182,0.2857,10
405,barabasi,20,36,3.6,2.5768,0.4326,-0.3387,0.45,29
406,watts,17,17,2.0,0.686,0.0,0.0058,0.4706,17
407,watts,17,17,2.0,0.767,0.0,-0.5241,0.5294,17
408,barabasi,16,39,4.875,2.2044,0.4633,-0.216,0.375,30
409,barabasi,11,10,1.8182,1.1923,0.0,-0.6092,0.5455,10
410,gnm,14,69,9.8571,1.3553,0.761,-0.2183,0.2143,44
411,watts,13,26,4.0,0.6794,0.3846,-0.1155,0.3077,20
412,barabasi,15,14,1.8667,1.6275,0.0,-0.5091,0.6667,14
413,barabasi,12,11,1.8333,1.3437,0.0,-0.5365,0.5833,11
414,gnm,16,83,10.375,1.5762,0.6823,-0.0018,0.1875,52
415,barabasi,15,14,1.8667,1.3098,0.0,-0.3971,0.5333,14
416,regular,10,10,2.0,0.0,0.0,,0.5,10
417,regular,17,34,4.0,0.0,0.2059,,0.3529,26
418,regular,9,18,4.0,0.0,0.3889,,0.3333,14
419,barabasi,8,7,1.75,1.3919,0.0,-0.7386,0.75,7
420,watts,10,20,4.0,1.0,0.4367,-0.1733,0.4,16
421,watts,20,40,4.0,1.0,0.235,-0.12,0.3,31
422,watts,14,28,4.0,1.1339,0.3014,0.0467,0.2857,22
423,barabasi,6,5,1.6667,0.7454,0.0,-0.3333,0.5,5
424,watts,20,20,2.0,0.8367,0.0,0.1065,0.5,19
425,watts,6,6,2.0,1.1547,0.25,-0.68,0.6667,5
426,barabasi,15,14,1.8667,1.4996,0.0,-0.4255,0.6667,14
427,regular,20,40,4.0,0.0,0.175,,0.35,32
428,regular,10,15,3.0,0.0,0.0,,0.5,15
429,barabasi,13,22,3.3846,1.3889,0.3608,-0.303,0.3846,18
430,regular,11,11,2.0,0.0,0.0,,0.4545,10
431,regular,19,38,4.0,0.0,0.0789,,0.3158,30
432,regular,18,36,4.0,0.0,0.0556,,0.3333,30
433,regular,17,34,4.0,0.0,0.1176,,0.3529,26
434,gnm,17,73,8.5882,1.7842,0.5362,-0.0601,0.2353,49
435,watts,12,12,2.0,0.7071,0.0,-0.1429,0.5,12
436,barabasi,10,9,1.8,0.8718,0.0,-0.2558,0.5,9
437,watts,12,12,2.0,0.5774,0.1389,0.1818,0.5,11
438,gnm,14,41,5.8571,1.7261,0.4416,-0.2102,0.2857,29
439,barabasi,6,5,1.6667,0.9428,0.0,-0.6667,0.5,5
440,gnm,17,116,13.6471,0.836,0.8393,-0.0928,0.1765,70
441,watts,8,16,4.0,0.5,0.5625,-0.0159,0.25,12
442,barabasi,11,10,1.8182,1.5266,0.0,-0.6531,0.7273,10
443,gnm,10,43,8.6,0.6633,0.9611,-0.2524,0.2,25
444,barabasi,6,5,1.6667,0.7454,0.0,-0.3333,0.5,5
445,regular,15,30,4.0,0.0,0.2,,0.3333,24
446,gnm,17,48,5.6471,1.7803,0.3095,-0.1616,0.2941,36
447,gnm,19,119,12.5263,1.8171,0.7112,-0.1398,0.1579,73
448,watts,7,14,4.0,0.5345,0.5381,-0.0182,0.2857,10
449,watts,12,24,4.0,0.7071,0.3889,-0.2043,0.3333,20
450,regular,16,24,3.0,0.0,0.0625,,0.4375,22
451,gnm,20,189,18.9,0.3,0.9947,-0.1053,0.1,100
452,gnm,13,18,2.7692,1.12,0.059,-0.1934,0.4615,17
453,gnm,16,117,14.625,0.5995,0.9754,-0.1354,0.125,64
454,barabasi,10,9,1.8,1.1662,0.0,-0.4178,0.5,9
455,barabasi,8,7,1.75,1.6394,0.0,-0.8007,0.75,7
456,barabasi,6,5,1.6667,0.9428,0.0,-0.6667,0.5,5
457,barabasi,17,16,1.8824,2.0258,0.0,-0.542,0.6471,16
458,regular,16,32,4.0,0.0,0.0938,,0.375,26
459,barabasi,20,36,3.6,2.3324,0.3126,-0.234,0.45,29
460,watts,9,18,4.0,0.9428,0.4519,-0.2699,0.3333,14
461,regular,9,9,2.0,0.0,0.0,,0.4444,8
462,regular,14,28,4.0,0.0,0.1071,,0.3571,22
463,gnm,10,20,4.0,1.0954,0.39,-0.3964,0.3,15
464,gnm,10,27,5.4,1.1136,0.5929,-0.2288,0.3,19
465,gnm,9,10,2.2222,1.0304,0.2963,-0.4286,0.5556,9
466,regular,18,18,2.0,0.0,0.0,,0.4444,18
467,watts,11,22,4.0,0.4264,0.4667,-0.0115,0.2727,16
468,regular,10,15,3.0,0.0,0.3,,0.4,13
469,barabasi,12,20,3.3333,2.357,0.5731,-0.5026,0.5,16
470,barabasi,14,13,1.8571,1.4569,0.0,-0.4082,0.5714,13
471,watts,9,18,4.0,1.0541,0.4667,-0.3419,0.3333,14
472,barabasi,10,9,1.8,1.5362,0.0,-0.5995,0.6,9
473,watts,9,9,2.0,1.2472,0.1593,-0.4595,0.6667,8
474,regular,7,7,2.0,0.0,0.0,,0.4286,6
475,gnm,18,71,7.8889,1.8224,0.4727,-0.0978,0.2778,48
476,gnm,15,54,7.2,1.833,0.5493,-0.2237,0.3333,37
477,gnm,11,49,8.9091,0.668,0.8776,-0.1406,0.1818,30
478,regular,20,40,4.0,0.0,0.125,,0.3,32
479,watts,8,8,2.0,0.866,0.0,-0.3968,0.625,8
480,barabasi,10,9,1.8,1.4,0.0,-0.5992,0.7,9
481,watts,6,12,4.0,1.0,0.9,-0.4545,0.3333,8
482,watts,11,11,2.0,0.4264,0.0,-0.0476,0.5455,11
483,watts,19,19,2.0,0.562,0.0,-0.0857,0.5263,19
484,barabasi,10,9,1.8,1.3266,0.0,-0.6981,0.6,9
485,gnm,17,115,13.5294,1.719,0.8616,-0.0902,0.1765,67
486,gnm,14,43,6.1429,1.767,0.5202,-0.1091,0.2857,32
487,gnm,10,27,5.4,0.9165,0.5014,-0.0946,0.3,20
488,barabasi,10,9,1.8,1.249,0.0,-0.5217,0.6,9
489,watts,15,30,4.0,0.6325,0.3933,-0.1966,0.4,23
490,gnm,6,10,3.3333,1.2472,0.8333,-0.6667,0.5,8
491,watts,17,34,4.0,1.1376,0.2672,-0.1197,0.4118,27
492,barabasi,7,6,1.7143,1.0302,0.0,-0.5,0.5714,6
493,regular,13,26,4.0,0.0,0.3846,,0.3077,20
494,barabasi,6,5,1.6667,0.9428,0.0,-0.6667,0.5,5
495,watts,13,13,2.0,0.5547,0.0,-0.0833,0.5385,13
496,gnm,6,13,4.3333,0.7454,0.9,-0.4444,0.3333,9
497,gnm,12,16,2.6667,1.4907,0.1917,-0.4333,0.5833,13
498,barabasi,11,10,1.8182,1.4659,0.0,-0.4651,0.6364,10
499,watts,6,6,2.0,0.5774,0.0,-0.0909,0.5,6
500,barabasi,15,14,1.8667,1.6275,0.0,-0.4837,0.6667,14
501,gnm,19,160,16.8421,0.9326,0.9349,-0.0991,0.1053,90
502,regular,7,7,2.0,0.0,0.0,,0.4286,6
503,barabasi,7,6,1.7143,1.0302,0.0,-0.7143,0.5714,6
504,gnm,12,21,3.5,1.0408,0.2944,-0.2679,0.3333,17
505,watts,16,16,2.0,0.5,0.0,-0.0667,0.4375,15
506,barabasi,9,8,1.7778,1.8725,0.0,-0.8195,0.7778,8
507,barabasi,10,9,1.8,1.7776,0.0,-0.6758,0.7,9
508,watts,7,14,4.0,0.0,0.5,,0.2857,10
509,regular,18,18,2.0,0.0,0.0,,0.4444,18
510,barabasi,13,12,1.8462,1.6099,0.0,-0.5354,0.6154,12
511,barabasi,20,64,6.4,2.7641,0.4965,-0.1275,0.35,46
512,watts,17,17,2.0,0.686,0.0,0.15,0.4706,16
513,gnm,9,35,7.7778,0.4157,0.9722,-0.25,0.2222,20
514,regular,17,17,2.0,0.0,0.0,,0.4118,16
515,barabasi,14,24,3.4286,2.1285,0.5384,-0.5195,0.5714,19
516,barabasi,12,20,3.3333,1.7951,0.3093,-0.3492,0.5,16
517,regular,11,22,4.0,0.0,0.3636,,0.2727,16
518,barabasi,16,39,4.875,1.6536,0.2884,-0.0351,0.4375,32
519,barabasi,10,9,1.8,1.249,0.0,-0.5882,0.4,9
520,barabasi,14,13,1.8571,1.5972,0.0,-0.4341,0.5714,13
521,barabasi,15,26,3.4667,2.5263,0.5966,-0.4471,0.6,22
522,regular,10,15,3.0,0.0,0.2,,0.4,13
523,watts,11,11,2.0,0.0,0.0,,0.4545,10
524,regular,16,24,3.0,0.0,0.0625,,0.375,22
525,watts,9,18,4.0,1.1547,0.4593,-0.0,0.3333,14
526,gnm,14,65,9.2857,1.3325,0.706,-0.0691,0.2143,42
527,watts,6,12,4.0,0.5774,0.7278,-0.2766,0.3333,9
528,gnm,20,124,12.4,1.7146,0.6408,-0.0333,0.2,78
529,watts,20,40,4.0,0.7071,0.2733,0.1955,0.35,32
530,watts,11,11,2.0,0.7385,0.197,-0.1,0.4545,10
531,barabasi,9,8,1.7778,1.8725,0.0,-0.8195,0.7778,8
532,watts,6,12,4.0,0.8165,0.8444,-0.4348,0.3333,8
533,watts,18,18,2.0,0.3333,0.0,-0.0286,0.5,18
534,watts,9,9,2.0,0.9428,0.0,-0.3012,0.5556,9
535,regular,17,34,4.0,0.0,0.1471,,0.3529,28
536,watts,19,38,4.0,0.8584,0.293,0.0576,0.3158,30
537,gnm,7,11,3.1429,0.833,0.381,0.0833,0.4286,9
538,barabasi,13,12,1.8462,1.2308,0.0,-0.4118,0.6923,12
539,regular,15,30,4.0,0.0,0.2333,,0.3333,22
540,barabasi,19,48,5.0526,1.9594,0.2753,-0.2128,0.3684,36
541,barabasi,7,6,1.7143,0.6999,0.0,-0.3333,0.4286,6
542,regular,7,14,4.0,0.0,0.4286,,0.4286,12
543,gnm,18,55,6.1111,1.4866,0.3185,-0.0496,0.2778,41
544,watts,10,20,4.0,0.6325,0.5133,-0.1538,0.3,14
545,watts,13,13,2.0,0.6794,0.1667,-0.3241,0.4615,12
546,watts,8,16,4.0,1.0,0.5583,-0.2222,0.375,12
547,regular,12,18,3.0,0.0,0.1667,,0.3333,16
548,barabasi,9,8,1.7778,0.9162,0.0,-0.4737,0.4444,8
549,gnm,14,51,7.2857,1.5779,0.5372,-0.0458,0.2857,35
550,gnm,8,17,4.25,1.299,0.5542,-0.3262,0.5,13
551,barabasi,8,7,1.75,0.8292,0.0,-0.2353,0.5,7
552,barabasi,18,45,5.0,2.4267,0.2972,-0.3361,0.3889,37
553,watts,7,14,4.0,1.3093,0.8095,-0.4933,0.4286,10
554,barabasi,15,14,1.8667,1.9956,0.0,-0.5029,0.6,14
555,barabasi,12,11,1.8333,1.5723,0.0,-0.5867,0.5,11
556,barabasi,14,24,3.4286,1.178,0.2905,-0.2447,0.2857,19
557,watts,10,20,4.0,0.6325,0.44,-0.0256,0.3,15
558,regular,20,40,4.0,0.0,0.175,,0.35,32
559,barabasi,7,6,1.7143,1.1606,0.0,-0.7143,0.7143,6
560,regular,6,12,4.0,0.0,0.6667,,0.3333,8
561,watts,16,16,2.0,0.9354,0.1354,-0.1808,0.5,15
562,barabasi,16,39,4.875,1.9645,0.3328,-0.1648,0.3125,31
563,gnm,20,48,4.8,1.9391,0.2165,-0.1357,0.4,37
564,barabasi,10,9,1.8,1.4697,0.0,-0.5952,0.7,9
565,watts,8,8,2.0,0.7071,0.2083,-0.1429,0.5,7
566,watts,7,14,4.0,1.069,0.6048,-0.2651,0.4286,10
567,gnm,18,149,16.5556,0.5984,0.9736,-0.1098,0.1111,81
568,barabasi,18,45,5.0,2.1344,0.3319,-0.1333,0.2778,35
569,regular,7,14,4.0,0.0,0.5,,0.2857,10
570,barabasi,14,24,3.4286,1.6351,0.3912,-0.356,0.3571,19
571,gnm,19,166,17.4737,0.6781,0.9708,-0.1156,0.1053,90
572,regular,16,24,3.0,0.0,0.1875,,0.375,20
573,regular,12,18,3.0,0.0,0.0833,,0.4167,16
574,gnm,11,27,4.9091,1.4431,0.5359,-0.3556,0.3636,20
575,watts,7,7,2.0,0.9258,0.1429,-0.0606,0.5714,6
576,gnm,12,62,10.3333,0.7454,0.9405,-0.1923,0.1667,36
577,gnm,15,17,2.2667,1.2893,0.0556,-0.1818,0.4667,16
578,watts,13,26,4.0,0.8771,0.2718,0.2518,0.3077,20
579,watts,9,9,2.0,0.4714,0.2593,-0.0588,0.4444,8
580,barabasi,14,24,3.4286,1.9898,0.4027,-0.5338,0.5,20
581,watts,14,28,4.0,0.6547,0.3619,-0.2844,0.3571,22
582,regular,18,27,3.0,0.0,0.0556,,0.3889,23
583,watts,18,36,4.0,0.8165,0.1944,0.2,0.3333,30
584,barabasi,7,6,1.7143,0.8806,0.0,-0.4483,0.5714,6
585,barabasi,12,20,3.3333,1.6499,0.521,-0.1461,0.3333,15
586,barabasi,18,17,1.8889,1.4866,0.0,-0.4937,0.6111,17
587,watts,7,7,2.0,0.5345,0.0,-0.0769,0.5714,7
588,watts,8,8,2.0,0.0,0.0,,0.5,8
589,gnm,18,121,13.4444,1.3426,0.7807,-0.1388,0.1667,75
590,gnm,19,127,13.3684,2.0828,0.767,-0.1136,0.1579,76
591,gnm,17,114,13.4118,1.3745,0.8398,-0.0938,0.1176,68
592,barabasi,14,24,3.4286,2.4411,0.6186,-0.4983,0.4286,18
593,watts,6,12,4.0,1.0,0.9,-0.4545,0.3333,8
594,barabasi,7,6,1.7143,1.0302,0.0,-0.7143,0.7143,6
595,gnm,20,144,14.4,1.9849,0.761,-0.0553,0.2,88
596,gnm,9,28,6.2222,0.7857,0.7513,-0.2037,0.2222,19
597,gnm,15,68,9.0667,1.6918,0.6615,-0.2089,0.2667,43
598,barabasi,6,5,1.6667,1.1055,0.0,-0.7391,0.6667,5
599,barabasi,19,34,3.5789,2.1353,0.3336,-0.2896,0.4737,27
600,regular,6,12,4.0,0.0,0.6667,,0.3333,8
601,watts,15,30,4.0,0.6325,0.2689,-0.1111,0.3333,24
602,gnm,15,91,12.1333,0.8055,0.8522,-0.118,0.1333,55
603,barabasi,15,14,1.8667,1.4996,0.0,-0.3792,0.5333,14
604,regular,15,30,4.0,0.0,0.0333,,0.4,26
605,watts,20,20,2.0,0.5477,0.0,-0.2613,0.55,20
606,barabasi,18,32,3.5556,2.4088,0.339,-0.5105,0.5,26
607,barabasi,17,30,3.5294,1.9739,0.2451,-0.2935,0.4706,26
608,watts,9,18,4.0,0.8165,0.5889,-0.3043,0.3333,13
609,barabasi,8,7,1.75,0.9682,0.0,-0.4848,0.625,7
610,watts,7,7,2.0,0.5345,0.0,-0.0769,0.4286,6
611,gnm,14,20,2.8571,1.1867,0.0476,-0.2314,0.4286,19
612,gnm,18,55,6.1111,1.8526,0.3383,-0.0977,0.2778,41
613,barabasi,11,10,1.8182,1.8497,0.0,-0.7722,0.6364,10
614,gnm,13,70,10.7692,1.1867,0.9122,-0.2111,0.1538,41
615,gnm,17,100,11.7647,2.1012,0.7593,-0.1391,0.1765,62
616,regular,8,12,3.0,0.0,0.0,,0.375,10
617,regular,13,13,2.0,0.0,0.0,,0.4615,12
618,gnm,10,20,4.0,1.2649,0.54,-0.2893,0.4,14
619,watts,7,14,4.0,0.9258,0.5286,-0.1966,0.4286,11
620,barabasi,7,6,1.7143,1.3851,0.0,-0.776,0.7143,6
621,gnm,17,113,13.2941,1.7069,0.8476,-0.0955,0.1765,67
622,barabasi,12,20,3.3333,1.6997,0.6845,-0.3761,0.4167,16
623,barabasi,9,8,1.7778,1.8725,0.0,-0.8195,0.7778,8
624,gnm,8,11,2.75,1.299,0.2,-0.5439,0.5,10
625,barabasi,11,10,1.8182,1.1923,0.0,-0.7816,0.5455,10
626,regular,9,18,4.0,0.0,0.3889,,0.3333,14
627,gnm,10,18,3.6,1.3565,0.33,-0.2026,0.4,15
628,gnm,7,12,3.4286,1.178,0.4381,-0.3448,0.4286,10
629,regular,10,15,3.0,0.0,0.2,,0.4,13
630,watts,9,18,4.0,1.0541,0.4185,-0.1284,0.3333,13
631,watts,13,26,4.0,0.8771,0.2846,-0.3094,0.3077,21
632,barabasi,20,51,5.1,2.119,0.2343,-0.2869,0.35,42
633,regular,19,38,4.0,0.0,0.1842,,0.3684,32
634,barabasi,17,30,3.5294,2.1176,0.298,-0.2958,0.4118,25
635,watts,7,7,2.0,0.7559,0.0,-0.4583,0.5714,6
636,barabasi,13,12,1.8462,2.1066,0.0,-0.6256,0.6923,12
637,regular,14,21,3.0,0.0,0.4286,,0.3571,17
638,gnm,9,30,6.6667,0.4714,0.7926,-0.2698,0.2222,20
639,regular,18,36,4.0,0.0,0.1111,,0.3333,28
640,gnm,19,154,16.2105,1.1507,0.9001,-0.0899,0.1053,88
641,gnm,10,23,4.6,1.3565,0.5026,-0.1852,0.3,17
642,regular,10,15,3.0,0.0,0.3,,0.4,12
643,barabasi,20,36,3.6,2.4166,0.4038,-0.4105,0.5,31
644,watts,14,14,2.0,1.0,0.0,-0.5556,0.6429,13
645,watts,8,8,2.0,0.866,0.125,-0.0256,0.5,7
646,gnm,12,56,9.3333,1.1785,0.8624,-0.2058,0.1667,34
647,watts,16,16,2.0,0.6124,0.0,-0.1034,0.5625,16
648,regular,16,32,4.0,0.0,0.1562,,0.3125,26
649,regular,9,9,2.0,0.0,0.0,,0.4444,8
650,watts,20,20,2.0,0.3162,0.0,-0.0256,0.5,20
651,watts,12,12,2.0,0.8165,0.0,-0.3448,0.5,12
652,watts,17,17,2.0,0.8402,0.0,-0.4749,0.5294,16
653,watts,9,9,2.0,0.6667,0.0,-0.4063,0.4444,9
654,regular,16,32,4.0,0.0,0.125,,0.4375,28
655,barabasi,8,7,1.75,0.6614,0.0,0.0,0.5,7
656,gnm,17,60,7.0588,1.9242,0.4531,-0.2283,0.3529,42
657,gnm,8,11,2.75,1.299,0.4333,-0.2865,0.375,9
658,barabasi,12,11,1.8333,1.2802,0.0,-0.4194,0.6667,11
659,watts,18,36,4.0,0.6667,0.2722,-0.1571,0.3889,30
660,gnm,20,89,8.9,1.5133,0.4106,-0.0534,0.2,60
661,gnm,12,61,10.1667,0.7993,0.923,-0.1499,0.1667,36
662,regular,9,18,4.0,0.0,0.3889,,0.3333,14
663,regular,17,17,2.0,0.0,0.0,,0.4118,16
664,gnm,13,25,3.8462,1.7028,0.3154,-0.2917,0.4615,20
665,barabasi,8,7,1.75,0.8292,0.0,-0.2353,0.5,7
666,barabasi,9,8,1.7778,1.3147,0.0,-0.5556,0.5556,8
667,gnm,17,124,14.5882,1.2395,0.9176,-0.1348,0.1176,71
668,watts,18,18,2.0,0.6667,0.0,0.0156,0.4444,18
669,barabasi,9,8,1.7778,0.9162,0.0,-0.3846,0.6667,8
670,regular,6,9,3.0,0.0,0.3333,,0.3333,7
671,gnm,19,79,8.3158,1.8368,0.426,-0.1553,0.2632,55
672,barabasi,15,14,1.8667,1.5861,0.0,-0.3987,0.5333,14
673,gnm,7,17,4.8571,0.833,0.819,-0.3333,0.2857,11
674,regular,12,12,2.0,0.0,0.0,,0.4167,12
675,gnm,18,132,14.6667,1.5986,0.8695,-0.1198,0.1667,79
676,watts,9,9,2.0,1.0541,0.1667,-0.2717,0.5556,8
677,gnm,10,31,6.2,1.3266,0.704,-0.2022,0.3,21
678,watts,17,17,2.0,0.767,0.0,-0.2897,0.5294,17
679,gnm,20,143,14.3,2.1703,0.7653,-0.0831,0.15,88
680,gnm,12,59,9.8333,1.2134,0.9092,-0.1624,0.1667,35
681,regular,13,26,4.0,0.0,0.3077,,0.3077,20
682,gnm,18,118,13.1111,1.4098,0.758,-0.0243,0.1667,72
683,barabasi,10,9,1.8,0.9798,0.0,-0.1818,0.5,9
684,gnm,20,71,7.1,2.1656,0.4052,-0.1548,0.3,51
685,watts,16,32,4.0,0.7906,0.2312,-0.0407,0.3125,26
686,regular,18,36,4.0,0.0,0.1389,,0.3333,30
687,gnm,17,108,12.7059,0.8921,0.7751,-0.1176,0.1176,66
688,watts,10,10,2.0,0.6325,0.0,0.1667,0.5,10
689,gnm,20,142,14.2,1.7776,0.7406,-0.0905,0.15,86
690,gnm,19,168,17.6842,0.5669,0.9828,-0.115,0.1053,90
691,barabasi,11,10,1.8182,1.5851,0.0,-0.6667,0.6364,10
692,barabasi,15,14,1.8667,1.7461,0.0,-0.5322,0.5333,14
693,gnm,9,24,5.3333,0.6667,0.6407,-0.2203,0.2222,17
694,regular,15,15,2.0,0.0,0.0,,0.4,14
695,watts,11,22,4.0,1.2792,0.3212,-0.0574,0.3636,17
696,gnm,10,36,7.2,0.9798,0.7836,-0.2286,0.3,24
697,gnm,11,37,6.7273,1.4827,0.6739,-0.1575,0.2727,25
698,regular,15,30,4.0,0.0,0.1667,,0.3333,24
699,barabasi,6,5,1.6667,0.9428,0.0,-0.6667,0.5,5
700,watts,19,19,2.0,0.562,0.0,-0.2667,0.5263,18
701,gnm,13,41,6.3077,1.5385,0.4976,0.0365,0.3077,29
702,regular,18,36,4.0,0.0,0.1944,,0.3333,28
703,barabasi,18,32,3.5556,2.6713,0.4798,-0.3638,0.4444,25
704,gnm,19,73,7.6842,2.4506,0.5143,-0.0986,0.2632,52
705,barabasi,14,24,3.4286,2.0603,0.4095,-0.3267,0.4286,19
706,watts,9,18,4.0,1.0541,0.5704,-0.0746,0.3333,13
707,watts,14,14,2.0,0.378,0.0,-0.037,0.5,13
708,gnm,17,64,7.5294,1.46,0.4758,-0.164,0.2353,45
709,gnm,16,81,10.125,1.3636,0.652,-0.0651,0.1875,52
710,barabasi,7,6,1.7143,1.1606,0.0,-0.7143,0.5714,6
711,gnm,12,46,7.6667,1.1785,0.6766,-0.1012,0.25,31
712,gnm,9,32,7.1111,0.737,0.8847,-0.2444,0.2222,20
713,gnm,18,64,7.1111,1.7916,0.3571,-0.1156,0.2778,48
714,gnm,14,24,3.4286,1.4983,0.2429,-0.089,0.3571,19
715,gnm,20,173,17.3,1.1874,0.9115,-0.1041,0.1,98
716,regular,19,19,2.0,0.0,0.0,,0.4211,18
717,barabasi,8,7,1.75,1.0897,0.0,-0.4933,0.5,7
718,gnm,7,8,2.2857,1.0302,0.3333,-0.0667,0.4286,7
719,regular,13,26,4.0,0.0,0.2692,,0.3846,20
720,regular,7,7,2.0,0.0,0.0,,0.4286,6
721,watts,12,24,4.0,0.8165,0.2722,0.087,0.3333,19
722,barabasi,16,15,1.875,1.4948,0.0,-0.576,0.6875,15
723,gnm,7,12,3.4286,1.0498,0.6524,-0.3333,0.4286,9
724,barabasi,17,30,3.5294,2.4762,0.3895,-0.4112,0.5294,25
725,gnm,17,111,13.0588,1.1099,0.803,-0.0826,0.1765,67
726,barabasi,16,39,4.875,2.1469,0.4006,-0.1825,0.375,29
727,regular,15,30,4.0,0.0,0.2333,,0.3333,22
728,regular,19,19,2.0,0.0,0.0,,0.4211,18
729,gnm,17,70,8.2353,1.6988,0.4958,-0.058,0.2353,48
730,regular,15,15,2.0,0.0,0.0,,0.4667,14
731,watts,20,20,2.0,0.6325,0.0,-0.0784,0.5,20
732,watts,10,10,2.0,0.8944,0.2167,-0.2766,0.5,9
733,gnm,19,68,7.1579,1.8141,0.4283,-0.1425,0.2105,49
734,watts,15,30,4.0,0.5164,0.5222,-0.1441,0.3333,23
735,barabasi,17,16,1.8824,1.7109,0.0,-0.5175,0.5882,16
736,gnm,12,65,10.8333,0.3727,0.9848,-0.1818,0.1667,36
737,barabasi,10,9,1.8,0.8718,0.0,-0.2203,0.5,9
738,regular,17,17,2.0,0.0,0.0,,0.4706,16
739,barabasi,18,32,3.5556,2.6713,0.4882,-0.3219,0.4444,24
740,barabasi,14,13,1.8571,2.2946,0.0,-0.651,0.7143,13
741,regular,16,32,4.0,0.0,0.0625,,0.375,26
742,watts,20,40,4.0,0.9487,0.2317,0.1063,0.35,32
743,gnm,7,12,3.4286,1.3997,0.7952,-0.5185,0.4286,9
744,barabasi,16,28,3.5,2.3184,0.2536,-0.4176,0.4375,24
745,barabasi,11,10,1.8182,1.1923,0.0,-0.3248,0.5455,10
746,regular,13,26,4.0,0.0,0.2692,,0.3077,22
747,watts,12,12,2.0,0.4082,0.0,-0.5652,0.5,11
748,watts,7,7,2.0,0.7559,0.0,-0.1667,0.4286,7
749,watts,17,34,4.0,0.686,0.3451,-0.0303,0.3529,27
750,gnm,15,43,5.7333,1.7308,0.3839,-0.1794,0.3333,33
751,barabasi,15,14,1.8667,1.9956,0.0,-0.614,0.6667,14
752,gnm,17,43,5.0588,1.5135,0.4363,-0.1643,0.2941,31
753,regular,8,12,3.0,0.0,0.25,,0.375,10
754,regular,11,22,4.0,0.0,0.1818,,0.3636,16
755,barabasi,16,28,3.5,1.6956,0.403,-0.2798,0.4375,23
756,barabasi,16,28,3.5,1.5811,0.2507,-0.2142,0.375,23
757,watts,7,7,2.0,0.7559,0.2381,-0.1667,0.5714,6
758,regular,12,12,2.0,0.0,0.0,,0.4167,12
759,watts,11,22,4.0,0.4264,0.4667,-0.0115,0.2727,16
760,barabasi,20,19,1.9,1.261,0.0,-0.248,0.5,19
761,regular,12,24,4.0,0.0,0.0833,,0.3333,20
762,regular,14,28,4.0,0.0,0.3929,,0.2857,22
763,barabasi,6,5,1.6667,1.4907,0.0,-1.0,0.8333,5
764,gnm,14,56,8.0,1.3093,0.6032,-0.0439,0.2857,38
765,watts,13,26,4.0,0.8771,0.2333,-0.2251,0.3846,22
766,barabasi,12,20,3.3333,1.7951,0.4369,-0.4671,0.4167,17
767,gnm,12,40,6.6667,1.5456,0.6294,-0.2767,0.25,28
768,barabasi,20,19,1.9,2.1886,0.0,-0.4871,0.7,19
769,regular,7,14,4.0,0.0,0.5,,0.2857,10
770,gnm,8,27,6.75,0.433,0.9643,-0.2857,0.25,16
771,gnm,7,9,2.5714,1.178,0.2048,-0.6791,0.5714,8
772,barabasi,19,48,5.0526,3.0689,0.4772,-0.3375,0.4211,36
773,gnm,6,14,4.6667,0.4714,0.9333,-0.4,0.3333,9
774,gnm,7,13,3.7143,0.6999,0.619,-0.0833,0.2857,10
775,barabasi,9,8,1.7778,1.0304,0.0,-0.7471,0.6667,8
776,barabasi,12,11,1.8333,0.8975,0.0,-0.5203,0.5,11
777,watts,18,36,4.0,0.5774,0.4037,0.1489,0.3333,27
778,watts,8,16,4.0,1.118,0.5375,-0.3061,0.375,12
779,gnm,15,79,10.5333,1.4545,0.759,-0.1261,0.2,48
780,regular,14,28,4.0,0.0,0.2143,,0.3571,22
781,watts,13,13,2.0,0.5547,0.0,-0.625,0.5385,12
782,watts,11,11,2.0,0.7385,0.0,-0.3509,0.4545,10
783,barabasi,11,10,1.8182,1.3361,0.0,-0.4855,0.6364,10
784,gnm,11,24,4.3636,1.0679,0.3727,0.1362,0.2727,18
785,watts,14,14,2.0,0.7559,0.1667,-0.1667,0.4286,13
786,regular,13,13,2.0,0.0,0.0,,0.3846,12
787,gnm,6,13,4.3333,0.7454,0.9,-0.4444,0.3333,9
788,watts,15,30,4.0,0.7303,0.4444,0.0253,0.3333,24
789,gnm,18,95,10.5556,1.8019,0.5986,-0.082,0.2222,61
790,barabasi,8,7,1.75,0.9682,0.0,-0.4848,0.5,7
791,gnm,8,24,6.0,0.866,0.8702,-0.305,0.25,15
792,barabasi,19,18,1.8947,1.744,0.0,-0.4886,0.6316,18
793,watts,20,20,2.0,0.7071,0.0,-0.0213,0.5,20
794,gnm,20,173,17.3,1.2689,0.9127,-0.0912,0.1,98
795,gnm,20,113,11.3,2.1237,0.6005,-0.1648,0.25,73
796,gnm,7,18,5.1429,0.833,0.8857,-0.378,0.2857,12
797,barabasi,13,22,3.3846,2.1318,0.5458,-0.3965,0.4615,17
798,gnm,13,55,8.4615,1.6462,0.7115,-0.2053,0.2308,36
799,gnm,16,88,11.0,1.4577,0.7263,-0.1973,0.1875,54
800,regular,8,12,3.0,0.0,0.5,,0.375,10
801,watts,16,32,4.0,1.1726,0.1952,0.0616,0.375,25
802,watts,7,7,2.0,0.0,0.0,,0.4286,6
803,gnm,11,42,7.6364,1.1499,0.7617,-0.1657,0.2727,27
804,regular,14,21,3.0,0.0,0.2143,,0.3571,17
805,gnm,7,20,5.7143,0.4518,0.9524,-0.3333,0.2857,12
806,barabasi,15,14,1.8667,1.7075,0.0,-0.6163,0.6667,14
807,gnm,17,86,10.1176,1.875,0.6343,-0.076,0.2353,55
808,regular,13,13,2.0,0.0,0.0,,0.3846,12
809,watts,7,14,4.0,0.7559,0.6571,-0.2963,0.2857,10
810,gnm,12,47,7.8333,1.724,0.7713,-0.2042,0.1667,30
811,barabasi,18,17,1.8889,2.0518,0.0,-0.6243,0.5556,17
812,barabasi,12,20,3.3333,1.5986,0.3175,-0.3753,0.5,16
813,barabasi,8,7,1.75,1.299,0.0,-0.75,0.75,7
814,gnm,11,48,8.7273,1.2129,0.9012,-0.2523,0.1818,29
815,barabasi,13,22,3.3846,2.4663,0.6613,-0.458,0.4615,17
816,regular,12,24,4.0,0.0,0.2083,,0.3333,18
817,watts,19,19,2.0,0.562,0.0,-0.2667,0.5263,19
818,gnm,8,21,5.25,0.9682,0.775,-0.2908,0.25,14
819,watts,6,6,2.0,0.0,0.0,,0.5,6
820,watts,12,12,2.0,0.7071,0.0,-0.3333,0.5833,12
821,barabasi,10,9,1.8,1.249,0.0,-0.5217,0.7,9
822,watts,16,16,2.0,0.6124,0.1458,0.0805,0.5,15
823,gnm,17,65,7.6471,1.3258,0.459,-0.0802,0.2353,45
824,gnm,12,29,4.8333,1.993,0.5421,-0.3986,0.3333,22
825,barabasi,10,9,1.8,0.8718,0.0,-0.2203,0.5,9
826,gnm,18,68,7.5556,1.7708,0.4232,-0.1799,0.2778,48
827,gnm,13,51,7.8462,1.0987,0.5978,-0.0526,0.2308,35
828,watts,6,12,4.0,0.8165,0.8444,-0.4348,0.3333,8
829,watts,12,12,2.0,0.7071,0.1389,-0.1429,0.5,11
830,barabasi,20,19,1.9,1.8138,0.0,-0.3429,0.55,19
831,gnm,15,83,11.0667,1.6519,0.8081,-0.131,0.2,51
832,regular,10,20,4.0,0.0,0.35,,0.3,16
833,barabasi,15,26,3.4667,2.2764,0.6241,-0.43,0.4667,19
834,watts,20,20,2.0,1.0488,0.0417,-0.002,0.5,19
835,watts,14,14,2.0,0.378,0.0,-0.037,0.5,14
836,gnm,12,57,9.5,0.7638,0.8488,-0.12,0.1667,35
837,gnm,10,26,5.2,1.4,0.5905,-0.3224,0.3,19
838,barabasi,20,36,3.6,2.2,0.393,-0.3246,0.45,30
839,gnm,7,6,1.7143,0.6999,0.0,0.0,0.4286,6
840,gnm,13,17,2.6154,1.2114,0.0385,-0.3353,0.5385,15
841,gnm,12,62,10.3333,0.7454,0.9405,-0.1923,0.1667,36
842,regular,13,26,4.0,0.0,0.3462,,0.3077,20
843,barabasi,7,6,1.7143,1.0302,0.0,-0.5,0.5714,6
844,regular,18,27,3.0,0.0,0.0556,,0.3889,25
845,regular,13,26,4.0,0.0,0.1923,,0.3846,22
846,watts,8,8,2.0,0.0,0.0,,0.5,8
847,watts,11,11,2.0,0.8528,0.197,-0.1524,0.5455,10
848,watts,8,16,4.0,1.0,0.6375,-0.0833,0.25,12
849,barabasi,11,10,1.8182,1.4025,0.0,-0.4685,0.5455,10
850,watts,10,10,2.0,0.7746,0.0,-0.1765,0.6,10
851,barabasi,12,20,3.3333,2.4267,0.5481,-0.5411,0.5,17
852,barabasi,14,24,3.4286,1.879,0.3629,-0.2652,0.4286,19
853,gnm,20,135,13.5,1.6583,0.7002,-0.0613,0.2,85
854,gnm,11,23,4.1818,1.3361,0.503,-0.2008,0.4545,18
855,watts,8,8,2.0,0.7071,0.2083,0.1429,0.5,7
856,barabasi,13,22,3.3846,1.903,0.4021,-0.3456,0.3846,18
857,watts,7,14,4.0,0.7559,0.5905,-0.5556,0.4286,10
858,watts,12,12,2.0,0.8165,0.0833,0.1,0.5,11
859,barabasi,15,14,1.8667,1.4079,0.0,-0.4904,0.4667,14
860,gnm,20,148,14.8,1.6,0.7731,-0.1103,0.15,90
861,barabasi,11,10,1.8182,1.6959,0.0,-0.6246,0.7273,10
862,barabasi,6,5,1.6667,1.1055,0.0,-0.7391,0.6667,5
863,gnm,10,41,8.2,0.8718,0.9206,-0.2548,0.2,25
864,barabasi,12,20,3.3333,1.8409,0.5738,-0.3568,0.5,16
865,barabasi,11,10,1.8182,1.6959,0.0,-0.5546,0.6364,10
866,watts,7,7,2.0,0.0,0.0,,0.4286,6
867,watts,17,34,4.0,1.1376,0.1059,-0.0683,0.3529,27
868,barabasi,19,18,1.8947,1.8323,0.0,-0.6165,0.7368,18
869,regular,7,14,4.0,0.0,0.5,,0.2857,10
870,regular,13,13,2.0,0.0,0.0,,0.3846,12
871,regular,7,14,4.0,0.0,0.5,,0.2857,10
872,barabasi,17,16,1.8824,1.6045,0.0,-0.4872,0.5294,16
873,gnm,13,73,11.2308,1.0491,0.9489,-0.231,0.1538,42
874,watts,10,10,2.0,1.0,0.0,-0.4286,0.6,9
875,regular,17,34,4.0,0.0,0.1765,,0.3529,26
876,regular,7,7,2.0,0.0,0.0,,0.4286,6
877,barabasi,12,11,1.8333,1.4625,0.0,-0.4318,0.5833,11
878,regular,6,6,2.0,0.0,0.0,,0.5,6
879,regular,18,36,4.0,0.0,0.0556,,0.3333,30
880,barabasi,17,42,4.9412,1.8934,0.38,-0.1047,0.2941,31
881,barabasi,6,5,1.6667,1.4907,0.0,-1.0,0.8333,5
882,barabasi,9,8,1.7778,1.0304,0.0,-0.3793,0.5556,8
883,gnm,6,12,4.0,0.8165,0.8444,-0.4348,0.3333,8
884,watts,15,30,4.0,1.2649,0.2625,-0.2319,0.4,24
885,barabasi,20,51,5.1,2.0469,0.2441,-0.0943,0.3,39
886,regular,6,9,3.0,0.0,0.3333,,0.3333,7
887,regular,14,14,2.0,0.0,0.0,,0.3571,14
888,watts,19,38,4.0,1.2566,0.1737,-0.1465,0.4211,30
889,watts,10,10,2.0,0.8944,0.0,-0.25,0.5,9
890,gnm,20,79,7.9,2.2113,0.3754,-0.0901,0.25,59
891,watts,11,11,2.0,0.7385,0.1515,-0.3509,0.4545,10
892,watts,13,13,2.0,0.6794,0.0,-0.3188,0.4615,12
893,gnm,11,27,4.9091,1.2398,0.471,-0.0619,0.2727,20
894,barabasi,9,8,1.7778,1.0304,0.0,-0.3793,0.4444,8
895,barabasi,14,24,3.4286,2.2902,0.5747,-0.3681,0.4286,19
896,barabasi,12,11,1.8333,1.4625,0.0,-0.5682,0.5833,11
897,watts,7,14,4.0,0.7559,0.6238,-0.1667,0.2857,10
898,barabasi,19,34,3.5789,2.413,0.3156,-0.3173,0.4211,29
899,watts,7,14,4.0,1.069,0.7095,-0.3494,0.2857,10
900,barabasi,10,9,1.8,0.9798,0.0,-0.7273,0.7,9
901,barabasi,16,39,4.875,2.4463,0.4439,-0.3353,0.3125,31
902,gnm,10,28,5.6,1.2806,0.6257,0.073,0.3,19
903,barabasi,18,32,3.5556,1.8922,0.0827,-0.2668,0.5,30
904,gnm,15,67,8.9333,1.4817,0.6099,-0.1488,0.2667,45
905,watts,7,7,2.0,0.5345,0.3333,-0.0769,0.4286,6
906,gnm,12,54,9.0,1.472,0.8429,-0.2396,0.1667,33
907,watts,19,19,2.0,0.4588,0.0,0.2083,0.4737,19
908,barabasi,18,45,5.0,2.3805,0.3565,-0.3579,0.4444,34
909,barabasi,13,22,3.3846,1.3323,0.0846,-0.2306,0.3846,19
910,barabasi,15,14,1.8667,1.5434,0.0,-0.3426,0.5333,14
911,barabasi,16,15,1.875,1.3636,0.0,-0.1827,0.5625,15
912,barabasi,10,9,1.8,2.0881,0.0,-0.8348,0.8,9
913,watts,11,22,4.0,1.0445,0.3182,0.0188,0.3636,17
914,barabasi,11,10,1.8182,1.7487,0.0,-0.6312,0.7273,10
915,regular,7,14,4.0,0.0,0.4286,,0.4286,12
916,gnm,11,41,7.4545,1.4374,0.7986,-0.1604,0.1818,28
917,watts,20,40,4.0,0.8367,0.3483,-0.1204,0.35,31
918,gnm,6,9,3.0,1.0,0.7333,-0.4545,0.5,7
919,gnm,6,12,4.0,1.0,0.9,-0.4545,0.3333,8
920,watts,6,6,2.0,0.8165,0.2778,-0.2,0.5,5
921,watts,14,28,4.0,1.1339,0.2143,-0.1909,0.4286,23
922,regular,14,21,3.0,0.0,0.1429,,0.3571,18
923,gnm,16,31,3.875,1.4948,0.2667,-0.1071,0.375,25
924,watts,17,17,2.0,0.4851,0.0,0.2031,0.4706,17
925,barabasi,19,48,5.0526,2.0124,0.2799,-0.067,0.3158,36
926,gnm,10,33,6.6,1.0198,0.715,-0.1541,0.2,22
927,regular,13,26,4.0,0.0,0.2692,,0.3077,20
928,regular,8,8,2.0,0.0,0.0,,0.5,8
929,watts,14,14,2.0,0.6547,0.0,-0.4933,0.5,13
930,gnm,16,22,2.75,1.25,0.2708,-0.1118,0.4375,18
931,gnm,15,95,12.6667,1.075,0.9015,-0.1605,0.2,56
932,watts,20,40,4.0,0.9487,0.2083,-0.2068,0.35,32
933,barabasi,9,8,1.7778,1.8725,0.0,-0.8195,0.7778,8
934,barabasi,7,6,1.7143,1.0302,0.0,-0.5,0.5714,6
935,watts,13,13,2.0,0.7845,0.1282,-0.4773,0.4615,12
936,watts,19,38,4.0,1.0761,0.2105,-0.1106,0.4211,32
937,gnm,11,18,3.2727,1.42,0.3424,-0.4636,0.4545,15
938,gnm,11,22,4.0,1.0445,0.3,-0.2911,0.3636,18
939,gnm,8,23,5.75,1.199,0.8774,-0.4138,0.375,15
940,watts,13,26,4.0,0.8771,0.4051,-0.1798,0.3846,20
941,gnm,7,12,3.4286,0.9035,0.6667,-0.2,0.2857,8
942,barabasi,7,6,1.7143,0.8806,0.0,-0.4483,0.4286,6
943,regular,11,11,2.0,0.0,0.0,,0.4545,10
944,barabasi,12,20,3.3333,1.6997,0.3992,-0.3435,0.4167,16
945,barabasi,8,7,1.75,1.3919,0.0,-0.7386,0.75,7
946,barabasi,18,17,1.8889,1.3699,0.0,-0.7417,0.5556,17
947,gnm,12,48,8.0,1.1547,0.6748,-0.2606,0.25,33
948,watts,14,28,4.0,0.9258,0.3786,-0.2767,0.2857,22
949,gnm,16,69,8.625,1.9325,0.5971,-0.1185,0.25,46
950,barabasi,20,19,1.9,1.1358,0.0,-0.4272,0.55,19
951,gnm,6,14,4.6667,0.4714,0.9333,-0.4,0.3333,9
952,regular,16,16,2.0,0.0,0.0,,0.4375,16
953,gnm,10,40,8.0,0.8944,0.8933,-0.2238,0.2,25
954,regular,14,28,4.0,0.0,0.1786,,0.3571,24
955,watts,13,26,4.0,0.9608,0.3,-0.017,0.3846,21
956,barabasi,19,18,1.8947,1.6188,0.0,-0.3423,0.5263,18
957,watts,8,16,4.0,0.7071,0.5625,-0.1613,0.25,11
958,gnm,13,70,10.7692,0.7994,0.8901,-0.1178,0.1538,42
959,regular,15,30,4.0,0.0,0.1667,,0.3333,24
960,barabasi,6,5,1.6667,0.4714,0.0,-0.25,0.5,5
961,barabasi,13,12,1.8462,1.2918,0.0,-0.5385,0.6154,12
962,watts,10,10,2.0,0.4472,0.0,-0.0526,0.5,10
963,gnm,11,16,2.9091,0.9,0.1061,0.1523,0.3636,14
964,gnm,19,110,11.5789,1.6324,0.6272,-0.1343,0.1579,70
965,barabasi,8,7,1.75,1.0897,0.0,-0.4933,0.5,7
966,gnm,12,42,7.0,1.472,0.6456,-0.0892,0.25,27
967,gnm,7,10,2.8571,1.2454,0.5905,-0.4583,0.4286,8
968,watts,11,11,2.0,0.603,0.0,0.175,0.4545,10
969,regular,11,22,4.0,0.0,0.2727,,0.3636,18
970,gnm,14,36,5.1429,1.807,0.3957,-0.2162,0.3571,27
971,regular,8,16,4.0,0.0,0.375,,0.25,12
972,gnm,11,32,5.8182,1.6414,0.6801,-0.193,0.2727,21
973,watts,11,22,4.0,1.0445,0.2545,-0.3799,0.4545,19
974,regular,16,24,3.0,0.0,0.1875,,0.3125,21
975,regular,11,11,2.0,0.0,0.0,,0.3636,10
976,watts,13,26,4.0,0.7845,0.441,-0.0335,0.3077,19
977,regular,14,21,3.0,0.0,0.0714,,0.4286,19
978,gnm,12,40,6.6667,0.9428,0.5663,-0.2037,0.25,27
979,barabasi,13,12,1.8462,1.4058,0.0,-0.4133,0.5385,12
980,gnm,8,24,6.0,0.7071,0.844,-0.2676,0.25,16
981,gnm,17,27,3.1765,1.1998,0.2373,0.0581,0.4118,22
982,regular,17,34,4.0,0.0,0.1471,,0.3529,28
983,regular,8,16,4.0,0.0,0.375,,0.375,12
984,gnm,7,6,1.7143,0.4518,0.0,-0.2,0.5714,6
985,watts,18,18,2.0,0.6667,0.0,-0.125,0.5,18
986,watts,19,38,4.0,1.0761,0.3088,-0.1183,0.3684,30
987,watts,19,19,2.0,0.7255,0.0877,0.1939,0.4211,18
988,watts,8,8,2.0,0.5,0.0,-0.6,0.5,7
989,gnm,8,11,2.75,0.9682,0.375,0.1149,0.375,9
990,barabasi,14,13,1.8571,1.5972,0.0,-0.5403,0.5714,13
991,regular,12,18,3.0,0.0,0.25,,0.4167,16
992,barabasi,14,24,3.4286,1.4983,0.3238,-0.1968,0.3571,20
993,gnm,16,82,10.25,1.854,0.7124,-0.1659,0.1875,51
994,watts,20,20,2.0,0.5477,0.0,-0.2613,0.5,20
995,barabasi,7,6,1.7143,1.0302,0.0,-0.5,0.5714,6
996,regular,13,26,4.0,0.0,0.1538,,0.3846,22
997,barabasi,16,15,1.875,1.7275,0.0,-0.4532,0.5,15
998,gnm,14,30,4.2857,1.7496,0.242,-0.3646,0.5,24
999,regular,17,34,4.0,0.0,0.1471,,0.3529,26
