graphname,p,restart_idx,gamma1,beta1,final_expectation,n_obj_calls
g000888,1,0,3.141592653589793,2.6942131564554623,-31.500007263559382,8
g000888,1,1,1.716388279035351,1.8307147900471934,-35.18284379056212,93
g000888,1,2,2.996157383777174,0.260306531327851,-35.18286016342549,74
g000888,1,3,3.141592653589793,2.9123724894905063,-31.500010135663615,11
g000888,1,4,3.141592653589793,2.9637911736183025,-31.500013428641978,8
g000888,1,5,0.1458857707851691,2.8810400278257053,-35.182883368165704,94
g000888,1,6,2.995853020602996,0.2607147015897261,-35.1828622103948,63
g000888,1,7,0.14598006005648503,2.8804185530616544,-35.18284732444488,81
g000888,1,8,1.9983970358343974,3.141592653589793,-31.500108746113256,14
g000888,1,9,-0.7528067977629231,3.141592653589793,-31.500098734992207,22
g000888,1,10,2.9958189441933794,1.8318934991836169,-35.182892612655735,110
g000888,1,11,3.141592653589793,3.141592653589793,-31.49999248981476,8
g000888,1,12,1.7164198651457117,-1.310080962210028,-35.18284335189179,70
g000888,1,13,2.9958807430239904,1.83160283401764,-35.18287077413723,85
g000888,1,14,3.141592653589793,3.141592653589793,-31.49999248981476,11
g000888,1,15,2.995880841808141,0.260769276519042,-35.182876433478555,69
g000888,1,16,0.7014896138808947,0.8217830549859264,-31.20038333767839,3
g000888,1,17,1.716806241464978,1.8311078178204543,-35.18284463180518,73
g000888,1,18,1.4245093303162983,1.3098954731014918,-35.182843061855095,72
g000888,1,19,0.14617288491136837,1.3099450146238407,-35.182842469662944,69
g000888,1,20,3.141592653589793,2.8292290221317837,-31.500010939213098,8
g000888,1,21,1.7159084214664921,0.25994869280541794,-35.182792898441505,66
g000888,1,22,3.141592653589793,1.5420210059020096,-31.500018027716578,9
g000888,1,23,3.141592653589793,3.0582817064793373,-31.50000819842535,14
g000888,1,24,2.995921198480705,1.831488149004941,-35.18285118153432,88
g000888,1,25,1.509524420587462,3.141592653589793,-31.499976661889377,9
g000888,1,26,1.4255112627396953,1.3091470857908525,-35.18279056055886,63
g000888,1,27,1.7167623818004838,1.8310592715841159,-35.18285037948894,61
g000888,1,28,2.3456611000338587,-0.013173094095645384,-31.500103377391497,66
g000888,1,29,2.995895694697186,0.2608728026658108,-35.18287414053978,100
g000888,1,30,2.9951715485388632,0.26017980730147405,-35.1828424189836,118
g000888,1,31,3.141592653589793,3.125140748033516,-31.500009201114153,8
g000888,1,32,3.141592653589793,3.141592653589793,-31.49999248981476,8
g000888,1,33,0.7807175907010356,0.7068197385345765,-31.498943592807784,3
g000888,1,34,0.14487114247228988,1.3106623548440868,-35.18276947986956,100
g000888,1,35,2.995586360085405,0.26080235141272884,-35.1828788583409,106
g000888,1,36,2.4431621491674784,-0.0006423179774802594,-31.500112245732453,35
g000888,1,37,3.141592653589793,3.141592653589793,-31.49999248981476,8
g000888,1,38,1.7154959630421405,1.832322155059171,-35.18272340179345,51
g000888,1,39,3.141592653589793,3.0622277848370594,-31.500004027137038,8
g000888,2,0,3.141592653589793,2.9903949944449586,-31.500128277580792,206
g000888,2,1,2.995873528082355,-1.8206139320066486,-35.18288094612549,191
g000888,2,2,-0.12515715661122084,1.9643293387586875,-37.45930540337079,251
g000888,2,3,1.380437569732241,2.0644393959052856,-36.53999511226691,318
g000888,2,4,3.016230775818144,1.9637874570263418,-37.45931338466011,225
g000888,2,5,0.19066812773461486,0.49050726686099544,-36.540043060836595,353
g000888,2,6,1.925673770051381,3.141592653589793,-31.50010298485722,225
g000888,2,7,3.013834741973673,1.9636341016980252,-37.45785182888897,345
g000888,2,8,2.438552455217348,3.067697294357322,-31.53579688158897,191
g000888,2,9,1.7614547173539101,1.0827854376477206,-36.539981777485096,352
g000888,2,10,2.952203437633493,1.0773458685206538,-36.539921679947255,268
g000888,2,11,1.6957350382883605,1.9645719379970423,-37.45930903180245,261
g000888,2,12,1.423636795168281,1.3147708413779604,-35.202755934792464,207
g000888,2,13,2.412887372981795,1.5714074943688656,-35.18286138256937,220
g000888,2,14,2.5441216145566212,1.5632491368092811,-35.19006237591175,228
g000888,2,15,3.0124814443879093,1.7272658166844992,-36.403612682647356,276
g000888,2,16,2.115293715577491,1.4302682185997546,-31.855138916078214,284
g000888,2,17,0.8954319736824257,0.8638206536274836,-31.76496976632228,262
g000888,2,18,2.3563037282732715,2.409827337801203,-31.50029394480416,215
g000888,2,19,1.6997981764980432,1.7269890055064596,-36.403618198238185,278
g000888,2,20,1.699790852751812,1.7263341432486063,-36.40360007424245,278
g000888,2,21,0.1902370805562894,2.0606436513787108,-36.54003906035932,389
g000888,2,22,3.141586054055236,2.630168098199309,-35.1827102919427,223
g000888,2,23,2.9958603062172515,2.416447764340975,-35.182933712798786,234
g000888,2,24,3.016326611676419,1.9639092610175504,-37.45928285433792,303
g000888,2,25,3.0173112780762077,0.3948683409792232,-37.45913685448103,284
g000888,2,26,2.951990873507682,1.0764790194349383,-36.540005703963615,393
g000888,2,27,0.1722582531062447,2.277712804807305,-36.46751706137729,245
g000888,2,28,2.3147163156977744,1.5702813395690758,-35.182986242138696,231
g000888,2,29,3.012556464711005,1.7275593676958514,-36.40344980017621,345
g000888,2,30,2.4499961426305124,-0.0013985591863387727,-35.18327133133832,237
g000888,2,31,1.4448897748467278,1.1781173440267774,-37.45922395868725,407
g000888,2,32,1.7164687078211258,2.182246864674444,-35.182884032071854,204
g000888,2,33,-0.19100214207364072,1.0842077966089578,-36.53999128779211,403
g000888,2,34,1.6992368643548645,0.15730811890788465,-36.40361137700584,349
g000888,2,35,3.016355785995033,1.965633535567045,-37.45925262006451,250
g000888,2,36,3.015559489260526,1.7281211816534907,-36.40253671102954,210
g000888,2,37,3.016598909626714,1.96306897385695,-37.459105003441366,312
g000888,2,38,1.4457958428887598,1.1780259102968405,-37.45925671432816,232
g000888,2,39,2.4615755141766957,1.5707898269411198,-35.183012950987006,214
g002942,1,0,3.141592653589793,2.6942131564554623,-31.500006868667697,8
g002942,1,1,1.716386566345633,1.8307378693566538,-35.182847962341896,114
g002942,1,2,2.9956257220456832,0.2604042230999626,-35.18288125175172,62
g002942,1,3,3.141592653589793,2.9123724894905063,-31.500011574305972,11
g002942,1,4,3.141592653589793,2.4303867337038305,-31.499991071057593,7
g002942,1,5,0.1458857707851691,2.8810400278257053,-35.182882380215204,95
g002942,1,6,2.995725486132369,0.261085191388274,-35.18279569291286,52
g002942,1,7,0.1453591704044038,2.880637863010065,-35.18285475250241,110
g002942,1,8,1.9983970358343974,3.141592653589793,-31.500109672859253,14
g002942,1,9,-0.7528067977629231,3.141592653589793,-31.500101025034382,22
g002942,1,10,2.9958189464902203,1.8318935002975514,-35.182892415092454,132
g002942,1,11,3.141592653589793,2.764189390787171,-31.500010823085177,12
g002942,1,12,1.4252652631146558,1.3095978987216381,-35.18282435141012,54
g002942,1,13,2.9958837719235567,1.8316002878338535,-35.18289971506371,98
g002942,1,14,3.141592653589793,3.141592653589793,-31.499988734722137,11
g002942,1,15,2.995880841808141,0.260769276519042,-35.18287946755814,76
g002942,1,16,0.7014896138808947,0.8217830549859264,-31.20039198994224,3
g002942,1,17,1.716806241464978,1.8311078178204543,-35.18284563434423,73
g002942,1,18,1.4245093303162983,1.3098954731014918,-35.18283638021296,72
g002942,1,19,0.14617288491136837,1.3099450146238407,-35.182836628759986,72
g002942,1,20,3.141592653589793,2.8292290221317837,-31.5000102719423,8
g002942,1,21,1.7155104253569282,0.2603997730518637,-35.18265843538205,53
g002942,1,22,3.141592653589793,1.5420210059020096,-31.500017265690985,9
g002942,1,23,3.141592653589793,3.0582817064793373,-31.500010453921277,14
g002942,1,24,2.995921198480705,1.831488149004941,-35.182856558311414,88
g002942,1,25,1.509524420587462,3.141592653589793,-31.499976735889504,9
g002942,1,26,1.42492411323399,1.3096555003912185,-35.18284392203327,64
g002942,1,27,1.7166771658069224,1.831378320920341,-35.18284371977708,63
g002942,1,28,2.3423732414417313,0.00285466670369127,-31.50013321364895,132
g002942,1,29,2.9959029925538188,0.2608806560019359,-35.1828778199106,70
g002942,1,30,2.995171478623069,0.2601798247175513,-35.182839711429295,120
g002942,1,31,3.141592653589793,3.125140748033516,-31.500009542985936,8
g002942,1,32,3.141592653589793,3.141592653589793,-31.499988734722137,8
g002942,1,33,0.7807175907010356,0.7068197385345765,-31.498948214104843,3
g002942,1,34,0.14516030945609715,1.3107087779028923,-35.18281639157638,126
g002942,1,35,2.9958841458904044,0.2603762877033371,-35.18280712172671,66
g002942,1,36,2.4431621491674784,-0.0006423179774802594,-31.500108745593025,35
g002942,1,37,3.141592653589793,3.141592653589793,-31.499988734722137,8
g002942,1,38,1.7154959630421405,1.832322155059171,-35.182715093903965,51
g002942,1,39,3.141592653589793,3.0622277848370594,-31.50000324460052,8
g002942,2,0,3.0126194718557473,1.7264068110541104,-36.399949654904034,277
g002942,2,1,3.0178486900461765,1.963811841164607,-37.42945842885962,260
g002942,2,2,-1.3810061335306316,2.646035460233439,-36.537592680790965,418
g002942,2,3,1.3800543729656496,2.0594344533275875,-36.53763339475905,312
g002942,2,4,3.0179287937508166,1.9654415794228646,-37.42948887631336,255
g002942,2,5,0.1907121494779015,0.48658408374439754,-36.5376463970016,411
g002942,2,6,1.9286037065663297,3.141592653589793,-31.50010951807053,201
g002942,2,7,3.0176560169737465,1.9652918538941218,-37.429551985520725,306
g002942,2,8,2.437458998751791,3.0660935767796875,-31.536206023254802,205
g002942,2,9,1.760953248986052,1.0806227493074294,-36.53761761318288,314
g002942,2,10,2.9513559653773287,1.0833119459225746,-36.537548404287946,271
g002942,2,11,1.694307328861803,1.9656666908017288,-37.42943915726778,286
g002942,2,12,1.4411501593445046,1.4155936440164312,-36.39995615702128,455
g002942,2,13,2.4204401661094943,1.5706161438333028,-35.18303524499785,225
g002942,2,14,2.5437990815927347,1.563405745548204,-35.189960823203805,217
g002942,2,15,3.0130587163550784,1.7275317683612197,-36.3999972778241,315
g002942,2,16,2.1194745207034966,1.4135323499367511,-31.888099111211886,271
g002942,2,17,1.3804152987255771,0.49176390234850603,-36.53767101996169,291
g002942,2,18,2.9515935089929477,1.080689758401221,-36.53763822067788,407
g002942,2,19,1.6977819285896254,1.727176752771499,-36.39964890153509,254
g002942,2,20,1.6988827260069812,1.728365517840569,-36.39990922630114,255
g002942,2,21,0.19035588571857098,2.060800835400976,-36.537636154497584,443
g002942,2,22,2.9955891384617903,1.9162862505156295,-35.18289253162598,224
g002942,2,23,2.9957806313984294,2.4133264401879053,-35.182884834506694,175
g002942,2,24,3.0180191379917543,1.964529133933489,-37.42951447316009,305
g002942,2,25,3.0174171770573808,0.3934351295237155,-37.42943503863251,212
g002942,2,26,1.69936896563483,1.7262662930951271,-36.39998797638585,255
g002942,2,27,0.18969667087869227,2.062197985808042,-36.53765770114476,329
g002942,2,28,2.161763115789977,1.5688428944763542,-35.18327631744799,240
g002942,2,29,3.0131613674227413,1.7272413570569758,-36.400019208967954,337
g002942,2,30,2.505530517823323,-0.004208859979752273,-35.18529169883507,201
g002942,2,31,1.4464477247594838,1.1754146800784997,-37.429211212921906,370
g002942,2,32,1.7171144033311716,2.196611670094776,-35.18285313526229,177
g002942,2,33,-0.6747620275019777,1.5678889149595556,-35.18351652859306,232
g002942,2,34,1.6993029193847309,0.1566735830368857,-36.40001547341603,341
g002942,2,35,3.0176137669906247,1.9651188201069911,-37.4295331794096,238
g002942,2,36,3.014995060061219,1.7270633635975279,-36.398904154888335,220
g002942,2,37,3.017733927252846,1.965382140767743,-37.42952942116916,285
g002942,2,38,1.4456229500658226,1.178092547115548,-37.428893960580396,209
g002942,2,39,2.4424592080837364,1.5708400471206554,-35.18288700690684,219
