n,deg_mean_r,clust_mean_r,mis_r,count,gamma1_std,gamma2_std,beta1_std,beta2_std,gamma1_mean,gamma2_mean,beta1_mean,beta2_mean,approx_mean,models
6,1.667,0.0,0.5,10,0.9524880501874236,0.4928787246135395,1.4111129192627856,0.5832359718139077,1.159954525643233,2.4952523712116137,1.2148148420887641,2.399288183979197,0.7858129125202776,['barabasi']
6,1.667,0.0,0.667,7,0.6894626270413742,0.36112499453418767,0.9187444915269337,0.47278550968707406,0.9178718020693071,2.2977531954235553,1.8877387048044,2.299947739741287,0.7897945849183349,"['barabasi', 'gnm']"
6,1.667,0.0,0.833,3,0.00029696708380679015,0.0001647055983890613,0.00015469867009470736,5.519728001401736e-06,0.9232487650672224,2.7878452357798174,1.0757731080442083,1.2282080973074636,0.9113314515445382,['barabasi']
6,2.0,0.0,0.5,7,0.6506585798714051,0.15985536105308915,1.4386853594818516,0.3338189470572441,1.5515338836695844,1.9982689396664493,1.3880527957964615,2.1673667924024227,0.7781365385732247,"['regular', 'watts']"
6,3.0,0.333,0.333,4,0.16792198146166903,0.2423892652071943,0.6503853193160393,0.04041976723488484,3.0576316628589586,1.9773914677707474,2.7758736856225887,1.8990627022570588,0.8646303539228809,['regular']
6,4.0,0.667,0.333,2,0.001048802584093962,0.00043273008099069515,0.002479680341605847,0.0032041494939415442,2.796208458132183,1.6648747370680161,1.2063207876685664,2.2696164388051683,0.9621435516855854,['regular']
6,4.0,0.728,0.333,3,0.0065370344347678725,0.3984541725597692,0.07307373620211002,0.1976095124803555,2.9395567878791162,2.255991053127357,1.8944315819924693,1.5855926317313702,0.825440962538441,['watts']
6,4.0,0.844,0.333,3,0.10379966505604,0.4539692405343142,0.7112802867245404,0.1401385451079232,3.0093225614153254,2.3732765768547486,2.320277089674832,1.8316145764900567,0.9068768587870485,"['watts', 'gnm']"
6,4.0,0.9,0.333,4,0.0004244428194275537,0.00014768370346310405,0.00048784284080853184,0.0004534442957557454,2.8761784553266327,1.758414049526938,1.9297273356020619,1.0121947856820728,0.9070308599057171,"['watts', 'gnm']"
6,4.333,0.9,0.333,3,0.00026945710468947304,0.0007194809205765785,0.00030837058355207627,0.00019291228252498865,2.95644823791053,2.6193490524145093,1.8874800292311216,1.7206887279400955,0.882501539573746,['gnm']
6,4.667,0.933,0.333,2,0.010105968475967259,0.025346961814201034,1.7982447009492006,0.3540219429287395,1.785877328905845,2.700047419288315,1.5633587267964575,2.702123808411643,0.8982835847451093,['gnm']
7,1.714,0.0,0.429,5,0.43804786804410945,0.11476805282093708,0.4789467352142785,0.5680807700862373,0.36991505801948354,2.936411637899873,2.1194731247353693,1.1130001788229076,0.8037526812146686,"['barabasi', 'gnm']"
7,1.714,0.0,0.571,13,0.7163175207070148,0.4158616615888288,0.6383667624675077,0.6409187964118993,0.9265770835830262,2.366991475262059,2.0476552825078658,1.6555459525825602,0.7713532390322976,"['barabasi', 'gnm']"
7,1.714,0.0,0.714,7,1.0173194159346404,0.458046146462702,0.9546019361677301,0.5517824639272089,0.8185078191332364,2.4896638091297585,2.056490877464292,1.7599989404390075,0.770732785525676,['barabasi']
7,2.0,0.0,0.429,16,0.9076717372306423,0.3763292432526785,0.9109236646383905,0.27260128724740124,1.6311745014707917,2.036252464689222,1.897735025053968,2.15271022082302,0.9241243854450707,"['regular', 'watts']"
7,2.0,0.0,0.571,3,0.5442464621321843,0.5138355415251932,0.6908262566293002,0.9591798309651851,1.0889794358233724,2.497563476094116,1.1278575317870836,1.820106125136725,0.7595581323900285,['watts']
7,4.0,0.429,0.429,3,9.195063362099503e-05,0.00011591944463167391,0.00012293037475707944,0.000100093597688458,2.9250781104178607,2.7979250388376626,2.1027870805138518,1.9339496528727944,0.839484119500513,['regular']
7,4.0,0.5,0.286,7,0.04355011900458395,0.2583109569662908,0.715871975221228,0.00150121633172311,2.7510601203729315,1.955084983760878,1.9697720339373883,2.291867226941317,0.9033998793835053,"['watts', 'regular']"
7,4.0,0.538,0.286,2,0.0,0.0,0.0,0.0,1.3457730827927443,2.0769669747371213,1.7999587443695857,1.3088578348832882,0.8838822051166517,['watts']
7,4.0,0.576,0.286,2,0.030946846926231376,0.5286062723498968,0.08670762641432925,0.1037249239470322,2.938224628634244,2.367292712686902,1.932621780962847,1.7382629081260939,0.885198225384147,['watts']
7,4.0,0.624,0.286,2,0.00026282598730623287,3.1547684273743334e-05,1.1112239470951695,0.0007205358619467897,1.6618529084401437,2.865305380645051,1.7100000365938222,2.427160143249794,0.7942473906558007,['watts']
7,4.0,0.81,0.429,2,0.2756208823567599,0.2783680523873795,1.1404134811152502,0.003676598461996266,2.313426894240312,1.0527351633728934,2.335198547736643,2.8468925135159617,0.8420838828493289,['watts']
7,5.714,0.952,0.286,2,0.03782893026654763,0.26397834849918145,0.6110453745049965,0.48469686959231184,2.9991488341259736,2.954931773279596,1.4502977500299177,2.029532302017855,0.9563313822512405,['gnm']
8,1.75,0.0,0.5,8,1.1769977603705688,0.4721830589941724,0.9303209892442796,0.43201067688723926,0.7605711200208318,2.600930654800361,2.214061004741588,1.7034452921269978,0.7705168183530395,['barabasi']
8,1.75,0.0,0.625,7,0.962263084957268,0.5767028608311093,1.0648185733570592,0.8117933011420304,1.505702707583075,2.0415765434616033,1.3822701112449403,2.0282541061546073,0.766572105416113,['barabasi']
8,1.75,0.0,0.75,4,0.6573250536805049,0.2687487284621849,0.9592726245108135,0.6044140129997041,0.8859045239258202,2.316760504582849,1.9229401294950148,1.9319064278079803,0.811596543797415,['barabasi']
8,2.0,0.0,0.5,4,0.8886838217181288,0.1851076841858803,0.810969656573336,0.1688683199252261,1.2032812778328816,1.9860883799644617,2.4612451456827,2.130651528989868,0.8504911820987381,"['watts', 'regular']"
8,2.0,0.208,0.5,2,1.568216137244025,0.3805487489557593,1.6591981421025246,0.05545193293845778,0.7436226221548838,2.8723778964320044,1.963758277828142,1.976688037878771,0.7255932610042432,['watts']
8,3.0,0.25,0.375,3,0.19720901581328412,0.2672206223589225,0.7559269048454914,0.060014967981913976,3.0277339752233723,2.015710317699419,2.686297763429744,1.8944485664185986,0.8194798414001525,['regular']
8,4.0,0.375,0.375,3,0.31739264955180063,0.13677582070565839,0.9762718711267918,0.5821978427958304,1.399602325210678,1.7733774475921171,2.225075185339958,1.9579432690181948,0.9066353110115163,['regular']
8,4.0,0.562,0.25,2,0.6924703495891859,0.7746032195544594,0.8988739544594256,0.3251780033827197,2.450435270105726,1.4935552008450779,2.4865928050933204,1.6540908276804427,0.8623459193129397,['watts']
8,4.0,0.638,0.25,2,0.000674555704381611,0.0008725491358157155,0.0003167503074667254,0.0006866396187214013,1.8106877355818063,2.737986278260762,2.8422268702674653,2.2272476786762097,0.727592072590293,['watts']
8,6.0,0.836,0.25,2,0.0072973605442645945,0.006909590355832039,0.011375744633227863,0.008525843857223043,3.009767563712302,2.7622471929332617,1.9015743598733448,1.7400653630255256,0.884985925150886,['gnm']
9,1.778,0.0,0.444,2,0.8748079383269529,0.4588965826988795,0.7790927455080412,0.6476557661863641,2.216619341191484,2.2849975957718027,1.496633618682797,2.2905313790664605,0.7819414001687122,['barabasi']
9,1.778,0.0,0.556,6,0.8412965168022785,0.4409226744260491,1.0036322460564815,0.5865840864450295,0.8079679596160213,2.373827949604727,1.9536079328407905,2.1000918306031595,0.7705622502885342,['barabasi']
9,1.778,0.0,0.667,4,1.0168472500273575,0.558101732854248,0.9058407498867637,0.6541400614001691,0.7820604643786068,2.3937566019999306,2.147137164143101,1.9873826776646442,0.7538391100053605,['barabasi']
9,1.778,0.0,0.778,4,5.212731657035693e-05,0.00018650536060381572,0.00038112087451402314,7.927805875460973e-05,1.3530544879001507,2.3136900776848934,1.1673056436913791,1.2467681962002082,0.7870766641495734,['barabasi']
9,2.0,0.0,0.444,6,1.043574555285009,0.41609048464089304,0.801368167251435,0.17635409124128368,1.5569958360877851,2.1368751091912066,1.902440010281189,2.196092895182,0.8918824270908575,"['watts', 'regular']"
9,4.0,0.389,0.333,3,0.997702283159608,0.28701917290979845,0.43414020503573225,0.259135646336848,1.7946752514217474,1.5229625748537405,2.533549313057699,2.1355832434521034,0.861952408667375,['regular']
9,4.0,0.467,0.333,2,0.028968476703289836,1.557518100366115,0.17364820073710724,0.7580980755747074,2.928888144277503,1.6720984959115932,1.8932422296687572,2.374256003214471,0.8536103271010025,['watts']
10,1.8,0.0,0.5,7,1.1709053912718215,0.7426187785064987,0.9880543617933251,0.797461593628005,1.0778687387339196,2.3259306024945308,1.6723797540178527,1.9096805650425668,0.7567523462429263,['barabasi']
10,1.8,0.0,0.6,7,0.6422867376928029,0.4477498474323727,0.3429899731096817,0.6691103803785556,1.5361532839065417,2.1448295130015844,1.6597625660874462,1.6135916715435645,0.7525991480298553,['barabasi']
10,1.8,0.0,0.7,5,0.6087618587333566,0.8303512763792239,0.3648099021299815,0.7429336466407587,1.8122151600031473,2.009731116845839,1.4504464914032187,1.7828901336696625,0.7278624115911905,['barabasi']
10,1.8,0.0,0.8,2,0.2969573355739099,0.022886157401198124,0.4342545379580247,1.1968568892173492,1.86639915107183,2.1654681066878396,0.6521904512268886,2.0265524135823956,0.7435264959735074,['barabasi']
10,2.0,0.0,0.5,11,0.3084212101848279,0.3539944000020124,0.4336014990856012,0.4258351562602415,0.4221045207528398,2.4573534955965726,2.7601205041114443,1.724184884201235,0.813838832197305,"['watts', 'regular']"
10,2.0,0.0,0.6,2,0.046387758548447365,0.04352748595654013,0.007685725131282238,0.005448561863810594,0.5002535897193715,2.924722893360231,1.9131955876908542,0.8366294285230297,0.835889690139823,['watts']
10,3.0,0.2,0.4,2,0.24099804764747745,0.3073912776898566,0.9450089939765836,0.07454961549850837,2.970187836377757,2.0829443203555824,2.4733226599919975,1.882830107202385,0.8019790997046969,['regular']
10,3.0,0.3,0.4,2,0.026753268106603275,0.21014762739616694,0.12787601785530658,0.012410452898871837,2.8360223454318985,2.442164604558747,1.8937159540835489,1.8078771795740447,0.8580155251004079,['regular']
11,1.818,0.0,0.546,7,0.9801081862993792,0.4954940441330173,1.0614293649861068,0.6224439444254978,1.0569234584232523,2.201278473397548,1.7882873482277468,2.187461646915115,0.762754272802458,['barabasi']
11,1.818,0.0,0.636,6,0.9341854581532508,0.34992492848130763,1.077617976943091,0.5488788478584048,0.9076946118367388,2.6162330670727063,2.1252367597448796,2.1448505810953686,0.7513123133714026,['barabasi']
11,1.818,0.0,0.727,3,0.11377789933039874,0.23042325261372248,0.9264179491164926,0.8673900260700002,1.3054841690869095,2.3965045086696546,2.249961618283951,1.775364391447065,0.7689930676448861,['barabasi']
11,2.0,0.0,0.454,6,0.8795230218575378,0.4165188184423861,1.1365478673032612,0.5436297978130973,1.563565819876347,2.1267824061512597,1.64302638944772,1.9288072398680771,0.8639360472618022,"['regular', 'watts']"
11,2.0,0.0,0.546,3,0.5416940194613565,0.4813621292429193,0.6760607639199762,0.6080462304678035,0.24804148155741523,2.7313367635641335,2.6711318851608126,1.5965817782548797,0.7847788129424901,['watts']
11,2.0,0.197,0.546,2,0.1854610309016702,0.338991814398184,0.7489745991691633,0.6150487909286244,0.4899627642481252,2.6146278202720494,2.4021962914747776,1.3770679828208143,0.8393471609917087,['watts']
11,4.0,0.467,0.273,2,7.527017541794958e-05,0.0013916314984012456,0.00016947576187750457,0.00012317342257248354,2.925625644283018,2.1076835861399243,1.837900489781369,1.4152592729103814,0.8696297530176973,['watts']
12,1.833,0.0,0.5,4,0.9670664665978658,0.5938482590966032,1.0900728532509378,0.6694877234170801,1.1995708560418954,2.231358441793967,1.5020216604768135,2.0570622247058012,0.7859525180030114,['barabasi']
12,1.833,0.0,0.583,3,0.6333496095864594,0.5580230334607789,0.3656378149395532,0.024248083279034393,1.690872888315844,2.117326498763958,1.6576394125526874,1.2846065609697412,0.7473084981829432,['barabasi']
12,2.0,0.0,0.417,2,1.1100855380190768,0.000380836782203416,1.1108805807172597,0.0006156904186354177,1.7112526534650507,1.8934379750961687,2.0337842038434495,2.2153193967945426,0.8333342363756518,['regular']
12,2.0,0.0,0.5,5,0.7048705593682038,0.5259953445629185,0.8150151909443822,0.3492434820077826,0.696682166141066,2.2208470639046562,2.65877455133176,2.16095367866114,0.7793578719691556,['watts']
12,2.0,0.139,0.5,3,0.8474291940280269,0.3136094699077671,1.0388943223602025,0.5670913025351455,1.5255682418786725,2.5337483967783827,0.8811205898682667,1.5306660820165217,0.7067834911084224,['watts']
12,3.0,0.083,0.417,2,0.16788821395358403,0.5243148266009677,0.7252465002114823,0.6345450971172523,3.022712770592837,1.5023456321742745,2.624420519452221,2.400813829254493,0.805867609490328,['regular']
12,4.0,0.208,0.333,2,0.00018968719098033212,0.00024888088266857846,0.0,0.0001547036041205101,0.7172225333268638,2.173064038727579,3.141592653589793,1.930429218523598,0.8133443331662352,['regular']
12,4.0,0.389,0.333,2,0.7776076564338056,0.5341132771360794,1.1100211634092576,0.7174200053749761,2.349079079825497,2.3920221546835054,1.1169477876882066,2.1042466676910707,0.7126605962437617,['watts']
12,10.333,0.94,0.167,2,0.00030309151203266336,0.001063457910664108,6.529605805617165e-05,0.00032079868105917494,1.6898384993296207,2.828316020481288,1.8268184841715953,1.385818457734754,0.9208888189579385,['gnm']
13,1.846,0.0,0.538,2,1.172257601475395,0.5259312961764503,0.1016416683593613,0.6341216748600708,0.4272539405456996,2.7697021043844576,2.852509472775442,1.7325545408367657,0.751520519910885,['barabasi']
13,1.846,0.0,0.615,3,1.0917438237171186,0.6637902466238372,1.3576644677747483,0.37878155837414845,0.5708383028767258,2.68518044402459,1.7928574226556133,2.398121244996554,0.7352642571510879,['barabasi']
13,1.846,0.0,0.692,4,1.0205166774058714,0.5539174618256466,1.020477080680328,0.6512717534213689,1.0995334122886027,2.6242056339979754,1.6177789634547497,2.1070809911434702,0.7069202565963473,['barabasi']
13,2.0,0.0,0.385,3,0.9066942072078514,0.00022579490108370833,0.9066025055044534,0.0006391165810959534,1.4494210908190943,1.8932848752749354,2.2958198693949003,2.215214770875376,0.9027781942153714,['regular']
13,2.0,0.0,0.462,4,0.43799821161715713,0.16784965057848225,0.7809072987644645,0.36191545875253806,2.1553814698349636,1.9927027649252258,0.5732683419504648,2.263578729664649,0.8189503083525399,"['watts', 'regular']"
13,2.0,0.0,0.538,2,0.298349454723588,0.2822683021347273,0.1351180357973195,0.07529673295706032,0.6383667099614716,2.1064240919324444,3.046049774216902,1.9107075545493415,0.7962689024067906,['watts']
13,4.0,0.269,0.308,3,0.3395849627582183,0.3857938046300887,0.09069884002464837,0.27718020062718296,1.6083294329379754,1.2570525252516012,2.889246136175417,1.977351931317051,0.8479547246476159,['regular']
13,4.0,0.385,0.308,2,0.08198634254374845,0.6635019935466252,1.4108465397426149,0.4049328822876134,1.8185066097707727,1.4900570551856884,2.1307587426883727,1.6192752924198903,0.8429404527779805,"['watts', 'regular']"
14,1.857,0.0,0.571,4,0.5596636748752263,0.20460208284763873,0.7580948396001408,0.29379055775191837,1.119061345276038,2.2545378468296873,2.3444960655916436,1.380605660517383,0.7623574319617518,['barabasi']
14,2.0,0.0,0.429,2,0.00046201469302353077,0.00026088456766234163,0.00010471575581063104,0.0004317344427374597,2.496779527598317,1.8931645577688476,1.2482843942796547,2.215347597297428,0.8333338394864066,['regular']
14,2.0,0.0,0.5,5,0.6117452911472698,0.5736089342732184,0.629613472200638,0.15813067615835316,1.0374000512518704,2.4403085570370875,2.042668750015844,1.009312253845317,0.8137005368069614,['watts']
14,2.0,0.167,0.429,2,1.0256112289798642,0.6267661763436866,1.23495584308278,0.4335376112940309,1.0951385484301597,2.46369506366498,1.8957895380750425,2.8350352687443663,0.6799012182334458,['watts']
14,3.0,0.214,0.357,2,0.24109249275996958,0.3872547327238762,0.9458774734595445,0.07353643397075929,2.97111451706605,2.5749970328424023,2.4727562779349506,1.8818892595251255,0.8323718132959701,['regular']
15,1.867,0.0,0.533,5,0.7261547657879053,0.3302914571255614,0.8901758392681893,0.5767073580198379,1.0543279616900436,2.4753440599068424,1.8286652049430476,2.0164540288585764,0.7426843003484114,['barabasi']
15,1.867,0.0,0.6,3,0.875499440657347,0.3508816892922745,0.9818726143617675,0.35904118517508904,0.834189997173627,2.600962442945114,2.2717757578879625,2.0225286799663453,0.7288502056444566,['barabasi']
15,1.867,0.0,0.667,6,1.03060716623194,0.7023361812502649,1.0627682551284654,0.6725005320253619,1.3886514415493771,1.9556772069135844,1.6485688496397328,1.9859961833554325,0.7649261645836926,['barabasi']
15,2.0,0.0,0.4,2,0.056387192172568566,0.01083378394666852,0.2279843745654711,0.17822359507040783,0.8860734315421799,1.9010245221163795,2.9803833563299746,2.0897447579467636,0.8441070453130708,"['watts', 'regular']"
15,2.0,0.0,0.467,4,0.9661921721117616,0.45826167138306473,0.7922496031436019,0.6285555181089401,1.0934987675309644,2.2627952223431356,2.221188089185253,1.787912150580871,0.8530775224584062,"['watts', 'regular']"
15,4.0,0.167,0.333,3,0.024246269997120637,0.5048968653837523,1.0907947166463496,0.3248985866107081,1.7797753730345593,1.6340960892353777,1.6840520171215918,1.463655176192842,0.8497026418434702,['regular']
15,4.0,0.233,0.333,2,0.0025759177711481523,0.0008275737638498758,0.0038723703015853808,0.002428273040004829,2.7889336739097863,1.7013766455384043,1.2239189451502037,2.2895095609539737,0.927889707263868,['regular']
16,1.875,0.0,0.625,3,0.6125270082430542,0.16600170580636697,0.8000273725561164,0.34175966839242256,0.9758465236261374,2.3495094480367937,1.9171959313720068,1.4276458008094253,0.7631802843690795,['barabasi']
16,1.875,0.0,0.688,2,0.3960161846170815,0.10472231064389878,0.16411014611672786,0.08734800986113468,1.7372330175889867,2.133427148160213,1.8267359530710974,1.2374403568054735,0.738984531183044,['barabasi']
16,2.0,0.0,0.438,4,0.7997356051146051,0.007700062178398366,0.8529676747101919,0.12594598125580966,1.2987612756501599,1.8969711438532524,2.5069705463490695,2.152621472553932,0.8230829757691766,"['regular', 'watts']"
16,2.0,0.0,0.5,2,1.7357018960091803,0.17655522909971957,1.6780219189827918,0.01598985492454158,1.619151710347465,2.4793220265304803,1.7336837086072387,1.8607452176412846,0.8074964758719447,['watts']
16,2.0,0.0,0.562,2,1.1821163905211898,0.09051598164974366,2.1646168230011336,0.037110542859766,1.2251378587447608,2.2874640385975513,1.379080907169368,1.856690921386822,0.6859699758450504,['watts']
16,2.0,0.146,0.5,2,1.696705567886043,0.22553223072432146,2.802693024464185,2.004024838275223e-06,1.572389792239435,2.313678292293674,0.7851323962721628,3.141589920178482,0.7718950880216906,['watts']
16,3.0,0.062,0.375,2,0.03644273596648949,0.03660005805284236,3.401300872066734e-06,0.00015138595372608015,3.04257507691369,1.9731295910821793,3.1415902485068816,1.954605687895757,0.7480055500683723,['regular']
17,2.0,0.0,0.412,2,8.980856487590153e-06,4.497839726049746e-05,0.00012720762087940518,5.403044046485674e-06,2.4971125717452853,1.8930118890516563,1.2481203996872814,2.215656700178644,0.8854174155778656,['regular']
17,2.0,0.0,0.471,7,0.4346772978565486,0.4316039041406206,0.9050334087567848,0.5708352558760345,0.8236728849216491,2.143083522054802,2.5191465248890452,1.9228027122662945,0.7921784710541251,"['watts', 'regular']"
17,2.0,0.0,0.529,9,0.8835249923174044,0.35105933823926855,0.9695910206561758,0.5947910945203526,1.1515622042622558,2.3652766706897332,2.0430722642759838,1.6690888862972693,0.761102226854585,['watts']
17,4.0,0.147,0.353,3,1.2408739312102508,0.022198311235869753,0.7856613983347268,0.36067088259201985,1.4690801886827565,2.1217873740315354,2.687990833769341,1.7317904827668729,0.8204599280854795,['regular']
18,1.889,0.0,0.556,3,1.2749927050367926,0.8758125616306843,0.5219122631269523,0.2978772247253846,1.71901414476237,1.7063606469462511,2.21107615486429,1.4691566439214956,0.788004038869377,['barabasi']
18,1.889,0.0,0.611,2,0.028494685222386792,0.07331264455081629,0.01254318432418476,0.0004328018869752459,0.3021227783064251,2.4390353437249734,2.8152645445129507,1.8154894523731473,0.7866989116422136,['barabasi']
18,2.0,0.0,0.444,4,0.27023327323146545,0.23244903757234206,0.0519313577231427,0.18935111306114336,0.7914306396224625,2.0094399150125053,2.8451005174645347,2.121092425540196,0.8215539894723167,"['regular', 'watts']"
18,2.0,0.0,0.5,4,0.8112688190946918,0.42682934461795674,0.7405406240550712,0.5831031436120404,1.0089087040000304,2.31505937502539,2.2629937787983208,1.7194817599598449,0.7897257243420562,['watts']
18,3.0,0.056,0.389,3,0.6273584454934036,1.6945820247079164,1.4665603766631456,0.7813389464551774,2.2732647532454333,1.2678617091581925,1.7173212380139926,2.0409996934280397,0.8195219602689826,['regular']
18,4.0,0.056,0.333,2,0.0718669056188829,0.2595810096480133,0.7149032463291444,0.7267047714937781,1.2723232600235705,1.9055442482309006,2.2862364278378773,1.810322135101837,0.8457685524937051,['regular']
18,4.0,0.194,0.333,2,0.8471799911827891,0.07560777078113333,0.008467629437814985,0.7608850751705184,2.1878680499596967,1.7584369017161041,1.2177778668258163,1.7527797771756823,0.8232245680220128,"['watts', 'regular']"
19,1.895,0.0,0.632,2,1.1564616962843988,0.39716389837908683,1.1510739858576542,0.398665596154418,1.0868043862943195,2.7457189712071335,1.97645255364595,2.109446830027157,0.7094303738373267,['barabasi']
19,2.0,0.0,0.421,3,0.0002167306749468765,0.0004911116309057701,0.00013021448689493935,0.00022164254506510221,0.9267129724771594,1.8927824018068156,2.819306215119381,2.2157200992265866,0.8796306404868917,['regular']
19,2.0,0.0,0.474,2,1.0148354203741023,0.49385372660312077,1.2932465969403966,0.3795127342696865,1.1860973509878152,2.6106266923607406,2.0579978466603475,2.151926525876564,0.6746526158343653,['watts']
19,2.0,0.0,0.526,3,0.8946819460969813,0.3461283176169897,1.3152228902221181,0.5730060684193476,1.0059643173636736,2.4815343468558866,1.558350617835172,1.5343115287103688,0.7522585589391237,['watts']
19,17.684,0.983,0.105,2,1.851494305010646e-08,2.5777284977638193e-09,1.9000093533863586e-08,3.172416772368122e-08,2.459927947922477,1.7768678495009407,1.571259950259428,1.5699835703601477,0.9333490051202666,['gnm']
20,1.9,0.0,0.55,4,0.7284904986964249,0.2658569743710575,0.7645767655329482,0.6478643222781588,0.9442817220486747,2.2139739717489624,2.1975348351016906,1.8948094359619168,0.7578241763836826,['barabasi']
20,1.9,0.0,0.6,2,0.3606161456904999,0.4913075515536105,0.6250275074347058,0.08162360981380903,1.3440801737597932,2.348412917463225,1.6570588244115783,1.2380329561474075,0.7427279194727743,['barabasi']
20,2.0,0.0,0.45,3,1.0283865978447635,0.5663485398538396,0.7892458996701435,0.773302520099265,1.3284952172883806,2.2197816556098053,1.9895593859427272,1.7689963959374708,0.8391658825961862,"['regular', 'watts']"
20,2.0,0.0,0.5,5,0.5810405997806892,0.40669303031199927,1.3393732633948885,0.5613784538099111,0.8417726791036475,2.508097114406512,1.9406715708831477,1.4789211910768274,0.7651491877858875,['watts']
20,3.0,0.1,0.35,2,0.6273062252286846,2.094188262369079,1.116608564973301,0.740100621350602,2.35513796484883,0.7893545923345623,1.0160416097011453,2.3528122961056184,0.8226599172506022,['regular']
20,4.0,0.175,0.35,2,0.3422452962005958,0.31619175417857076,0.24820676510606393,0.25786913469904715,0.9754554376439363,1.9317801868260474,2.9660839668469188,2.118533420185473,0.8342748102358482,['regular']
