graphname,n,m,clust_min,clust_max,clust_mean,clust_stdev,clust_const,deg_min,deg_max,deg_mean,deg_stdev,deg_const,percent_pos,weight_min,weight_max,weight_mean,weight_stdev,weight_const,chromatic,disconnected,assortativity,avg_neighbor_deg_min,avg_neighbor_deg_max,avg_neighbor_deg_mean,avg_neighbor_deg_stdev,avg_neighbor_deg_const,avg_deg_conn_min,avg_deg_conn_max,avg_deg_conn_mean,avg_deg_conn_stdev,avg_deg_conn_const,core_min,core_max,core_mean,core_stdev,core_const,mis,clust_log_kurtosis,deg_log_kurtosis,weight_log_kurtosis,avg_neighbor_deg_log_kurtosis,avg_deg_conn_log_kurtosis,core_log_kurtosis,clust_log_abs_skew,deg_log_abs_skew,weight_log_abs_skew,avg_neighbor_deg_log_abs_skew,avg_deg_conn_log_abs_skew,core_log_abs_skew,clust_skew_positive,deg_skew_positive,weight_skew_positive,avg_neighbor_deg_skew_positive,avg_deg_conn_skew_positive,core_skew_positive,log_n,log_m,log_norm_ev1,log_norm_ev2,log_ev_ratio,clust_time,degree_time,ppos_time,weight_time,ev_time,chromatic_time,disconnected_time,assortativity_time,avg_neighbor_deg_time,avg_deg_conn_time,core_time,mis_time
g000072.zip,8,12,0.0,0.0,0.0,0.0,1,0.428571,0.428571,0.428571,0.0,1,1.0,1.0,1.0,1.0,0.0,1,0.25,0,0.0,0.428571,0.428571,0.428571,0.0,1,0.428571,0.428571,0.428571,0.0,1,0.428571,0.428571,0.428571,0.0,1,0.5,0.0,0.0,0.0,0.0,0.0,0.0,0.0,0.0,0.0,0.0,0.0,0.0,1,1,1,1,1,1,2.07944,2.48491,1.2966,0.694278,0.602326,8e-06,0.0,0.0,2e-06,5e-06,2e-06,1e-06,2e-06,2e-06,1e-06,2e-06,1e-06
g000084.zip,3,2,0.0,0.0,0.0,0.0,1,0.5,1.0,0.666667,0.235702,0,1.0,1.0,1.0,1.0,0.0,1,0.666667,0,-1.0,0.5,1.0,0.833333,0.235702,0,0.5,1.0,0.75,0.25,0,0.5,0.5,0.5,0.0,1,0.666667,0.0,0.916291,0.0,0.916291,0.693147,0.0,0.0,0.5348,0.0,0.5348,0.0,0.0,1,1,1,0,1,1,1.09861,0.693147,1.09861,0.752039,0.346574,8e-06,3e-06,0.0,0.0,4e-06,2e-06,1e-06,2e-06,2e-06,4e-06,1e-06,1e-06
g000096.zip,10,15,0.0,0.0,0.0,0.0,1,0.333333,0.333333,0.333333,0.0,1,1.0,1.0,1.0,1.0,0.0,1,0.3,0,0.0,0.333333,0.333333,0.333333,0.0,1,0.333333,0.333333,0.333333,0.0,1,0.333333,0.333333,0.333333,0.0,1,0.4,0.0,0.0,0.0,0.0,0.0,0.0,0.0,0.0,0.0,0.0,0.0,0.0,1,1,1,1,1,1,2.30259,2.70805,1.46431,0.287886,1.17642,9e-06,1e-06,1e-06,1e-06,6e-06,3e-06,1e-06,3e-06,2e-06,2e-06,2e-06,1e-06
g000133.zip,8,21,0.6,0.6,0.6,0.0,1,0.714286,0.857143,0.75,0.061859,0,1.0,1.0,1.0,1.0,0.0,1,0.375,0,-0.4,0.714286,0.771429,0.757143,0.0247436,0,0.714286,0.771429,0.742857,0.0285714,0,0.714286,0.714286,0.714286,0.0,1,0.375,0.0,1.20397,0.0,1.20397,0.693147,0.0,0.0,0.767652,0.0,0.767652,0.0,0.0,1,1,1,0,1,1,2.07944,3.04452,1.30073,0.148305,1.15243,9e-06,3e-06,0.0,2e-06,5e-06,2e-06,1e-06,4e-06,1e-06,4e-06,2e-06,1e-06
g000134.zip,8,14,0.333333,0.666667,0.625,0.11024,0,0.428571,1.0,0.5,0.188982,0,1.0,1.0,1.0,1.0,0.0,1,0.5,0,-0.333333,0.428571,0.619048,0.595238,0.0629941,0,0.428571,0.619048,0.52381,0.0952381,0,0.428571,0.428571,0.428571,0.0,1,0.375,1.96611,1.96611,0.0,1.96611,0.693147,0.0,1.18411,1.18411,0.0,1.18411,0.0,0.0,0,1,1,0,1,1,2.07944,2.63906,1.38629,0.478138,0.908156,1.1e-05,1e-06,1e-06,1e-06,5e-06,3e-06,1e-06,2e-06,1e-06,4e-06,2e-06,0.0
g000142.zip,16,18,0.0,0.333333,0.037037,0.104757,0,0.0666667,0.266667,0.15,0.0645497,0,1.0,0.0682908,1.0,0.377986,0.289793,0,0.1875,0,-0.0769231,0.111111,0.233333,0.180208,0.0373179,0,0.171429,0.188889,0.182579,0.0067347,0,0.0666667,0.133333,0.104167,0.0330719,0,0.5,2.09495,0.99078,1.21012,1.04526,1.13314,0.7244,1.24556,0.0982872,0.637839,0.390392,0.627511,0.224723,1,0,1,0,0,0,2.77259,2.89037,16.0202,15.4429,0.577252,1.2e-05,2e-06,0.0,3e-06,7e-06,3e-06,1e-06,4e-06,2e-06,3e-06,3e-06,1e-06
g000186.zip,10,15,0.0,0.0,0.0,0.0,1,0.222222,0.444444,0.333333,0.111111,0,1.0,1.0,1.0,1.0,0.0,1,0.3,0,-0.5,0.333333,0.444444,0.388889,0.0555556,0,0.333333,0.444444,0.388889,0.0555556,0,0.222222,0.222222,0.222222,0.0,1,0.5,0.0,0.693147,0.0,0.693147,0.693147,0.0,0.0,0.0,0.0,1.55431e-15,1.55431e-15,0.0,1,1,1,0,1,1,2.30259,2.70805,1.51927,0.556242,0.963024,9e-06,5e-06,0.0,1e-06,6e-06,3e-06,1e-06,3e-06,2e-06,1e-06,2e-06,1e-06
g000205.zip,7,21,1.0,1.0,1.0,0.0,1,1.0,1.0,1.0,0.0,1,1.0,0.699488,1.0,0.839572,0.0861398,0,1.0,0,0.0,1.0,1.0,1.0,0.0,1,1.0,1.0,1.0,0.0,1,1.0,1.0,1.0,0.0,1,0.142857,0.0,0.0,1.07699,0.0,0.0,0.0,0.0,0.0,0.0564888,0.0,0.0,0.0,1,1,1,1,1,1,1.94591,3.04452,3.65454,1.66221,1.99232,6e-06,1e-06,0.0,4e-06,5e-06,0.0,0.0,1e-06,1e-06,1e-06,1e-06,0.0
g000208.zip,5,5,0.0,1.0,0.333333,0.365148,0,0.25,0.75,0.5,0.223607,0,1.0,1.0,1.0,1.0,0.0,1,0.6,0,-0.5625,0.5,0.75,0.65,0.122474,0,0.5,0.75,0.666667,0.117851,0,0.25,0.5,0.4,0.122474,0,0.6,1.25276,0.81093,0.0,0.77319,0.916291,0.77319,0.648605,0.0,0.0,0.342347,0.5348,0.342347,1,1,1,0,0,0,1.60944,1.60944,1.07246,0.71755,0.354911,1e-05,4e-06,0.0,1e-06,4e-06,2e-06,1e-06,2e-06,2e-06,2e-06,2e-06,1e-06
g000290.zip,20,50,0.3,0.3,0.3,0.0,1,0.263158,0.263158,0.263158,0.0,1,1.0,1.0,1.0,1.0,0.0,1,0.2,0,0.0,0.263158,0.263158,0.263158,0.0,1,0.263158,0.263158,0.263158,0.0,1,0.263158,0.263158,0.263158,0.0,1,0.25,0.0,0.0,0.0,0.0,0.0,0.0,0.0,0.0,0.0,0.0,0.0,0.0,1,1,1,1,1,1,2.99573,3.91202,1.93792,0.35578,1.58214,1.1e-05,1e-06,1e-06,2e-06,9e-06,4e-06,2e-06,5e-06,3e-06,2e-06,3e-06,2e-06
g000293.zip,4,3,0.0,0.0,0.0,0.0,1,0.333333,1.0,0.5,0.288675,0,1.0,1.0,1.0,1.0,0.0,1,0.5,0,-1.0,0.333333,1.0,0.833333,0.288675,0,0.333333,1.0,0.666667,0.333333,0,0.333333,0.333333,0.333333,0.0,1,0.75,0.0,1.20397,0.0,1.20397,0.693147,0.0,0.0,0.767652,0.0,0.767652,2.22045e-16,0.0,1,1,1,0,1,1,1.38629,1.09861,1.38629,0.836988,0.549306,8e-06,3e-06,0.0,1e-06,3e-06,2e-06,1e-06,3e-06,1e-06,4e-06,1e-06,1e-06
g000338.zip,8,22,0.714286,0.8,0.778571,0.0371154,0,0.714286,1.0,0.785714,0.123718,0,1.0,1.0,1.0,1.0,0.0,1,0.625,0,-0.257143,0.755102,0.828571,0.810204,0.0318132,0,0.755102,0.828571,0.791837,0.0367347,0,0.714286,0.714286,0.714286,0.0,1,0.25,1.20397,1.20397,0.0,1.20397,0.693147,0.0,0.767652,0.767652,0.0,0.767652,4.66294e-15,0.0,0,1,1,0,1,1,2.07944,3.09104,1.30739,-0.286893,1.59428,1.2e-05,1e-06,0.0,2e-06,6e-06,3e-06,1e-06,3e-06,2e-06,4e-06,2e-06,1e-06
g000360.zip,12,30,0.5,0.5,0.5,0.0,1,0.454545,0.454545,0.454545,0.0,1,1.0,1.0,1.0,1.0,0.0,1,0.416667,0,0.0,0.454545,0.454545,0.454545,0.0,1,0.454545,0.454545,0.454545,0.0,1,0.454545,0.454545,0.454545,0.0,1,0.25,0.0,0.0,0.0,0.0,0.0,0.0,0.0,0.0,0.0,0.0,0.0,0.0,1,1,1,1,1,1,2.48491,3.4012,1.59497,-0.111843,1.70682,1e-05,1e-06,1e-06,2e-06,6e-06,3e-06,2e-06,3e-06,2e-06,2e-06,3e-06,1e-06
g000365.zip,17,68,0.428571,0.428571,0.428571,0.0,1,0.5,0.5,0.5,0.0,1,1.0,1.0,1.0,1.0,0.0,1,0.352941,0,0.0,0.5,0.5,0.5,0.0,1,0.5,0.5,0.5,0.0,1,0.5,0.5,0.5,0.0,1,0.176471,0.0,0.0,0.0,0.0,0.0,0.0,0.0,0.0,0.0,0.0,0.0,0.0,1,1,1,1,1,1,2.83321,4.21951,1.83198,-0.445759,2.27773,1.1e-05,1e-06,0.0,4e-06,1e-05,4e-06,4e-06,5e-06,3e-06,3e-06,3e-06,1e-06
g000368.zip,7,9,0.0,0.0,0.0,0.0,1,0.333333,0.5,0.428571,0.0824786,0,1.0,1.0,1.0,1.0,0.0,1,0.285714,0,-0.5,0.388889,0.5,0.452381,0.0549857,0,0.416667,0.5,0.458333,0.0416667,0,0.333333,0.333333,0.333333,0.0,1,0.571429,0.0,0.733969,0.0,0.733969,0.693147,0.0,0.0,0.253615,0.0,0.253615,1.9984e-15,0.0,1,0,1,0,0,1,1.94591,2.19722,1.24629,1.01987,0.226414,1e-05,3e-06,0.0,2e-06,4e-06,3e-06,1e-06,2e-06,1e-06,4e-06,2e-06,0.0
g000382.zip,16,15,0.0,0.0,0.0,0.0,1,0.0666667,0.2,0.125,0.046398,0,1.0,1.0,1.0,1.0,0.0,1,0.1875,1,-0.633663,0.0666667,0.2,0.152778,0.0363242,0,0.103704,0.186667,0.14679,0.0339455,0,0.0666667,0.133333,0.104167,0.0330719,0,0.5625,0.0,1.11887,0.0,1.34348,0.916291,0.7244,0.0,0.160256,0.0,0.351548,0.1319,0.224723,1,1,1,0,0,0,2.77259,2.70805,1.87518,0.988036,0.887147,9e-06,3e-06,0.0,2e-06,6e-06,3e-06,1e-06,3e-06,3e-06,2e-06,3e-06,1e-06
g000387.zip,20,50,0.3,0.3,0.3,0.0,1,0.263158,0.263158,0.263158,0.0,1,1.0,1.0,1.0,1.0,0.0,1,0.25,0,0.0,0.263158,0.263158,0.263158,0.0,1,0.263158,0.263158,0.263158,0.0,1,0.263158,0.263158,0.263158,0.0,1,0.25,0.0,0.0,0.0,0.0,0.0,0.0,0.0,0.0,0.0,0.0,0.0,0.0,1,1,1,1,1,1,2.99573,3.91202,1.93792,0.356805,1.58111,1e-05,1e-06,0.0,3e-06,9e-06,4e-06,2e-06,5e-06,2e-06,3e-06,3e-06,1e-06
g000411.zip,14,13,0.0,0.0,0.0,0.0,1,0.0769231,0.230769,0.142857,0.0640764,0,1.0,0.0200002,1.0,0.46665,0.356041,0,0.142857,0,-0.685185,0.102564,0.230769,0.188645,0.050921,0,0.121795,0.217949,0.183761,0.0438945,0,0.0769231,0.0769231,0.0769231,0.0,1,0.642857,0.0,0.913519,0.859503,0.964224,0.916291,0.0,0.0,0.240889,0.0378271,0.441121,0.528162,0.0,1,1,1,0,0,1,2.63906,2.56495,16.4316,16.0561,0.375461,9e-06,3e-06,0.0,2e-06,6e-06,3e-06,2e-06,3e-06,3e-06,2e-06,2e-06,1e-06
g000449.zip,4,5,0.666667,1.0,0.833333,0.166667,0,0.666667,1.0,0.833333,0.166667,0,1.0,1.0,1.0,1.0,0.0,1,0.75,0,-0.666667,0.777778,1.0,0.888889,0.111111,0,0.777778,1.0,0.888889,0.111111,0,0.666667,0.666667,0.666667,0.0,1,0.5,0.693147,0.693147,0.0,0.693147,0.693147,0.0,1.11022e-15,1.11022e-15,0.0,0.0,0.0,0.0,1,1,1,1,1,1,1.38629,1.60944,0.802038,0.64425,0.157788,1.2e-05,1e-06,0.0,1e-06,4e-06,3e-06,1e-06,3e-06,1e-06,2e-06,1e-06,0.0
g000477.zip,3,3,1.0,1.0,1.0,0.0,1,1.0,1.0,1.0,0.0,1,1.0,0.64,1.0,0.866667,0.161107,0,1.0,0,0.0,1.0,1.0,1.0,0.0,1,1.0,1.0,1.0,0.0,1,1.0,1.0,1.0,0.0,1,0.333333,0.0,0.0,0.916291,0.0,0.0,0.0,0.0,0.0,0.515548,0.0,0.0,0.0,1,1,0,1,1,1,1.09861,1.09861,3.57801,3.7316,-0.153584,6e-06,2e-06,0.0,2e-06,5e-06,0.0,0.0,2e-06,0.0,1e-06,1e-06,0.0
g000478.zip,5,6,0.0,1.0,0.333333,0.365148,0,0.5,0.75,0.6,0.122474,0,1.0,1.0,1.0,1.0,0.0,1,0.6,0,-0.333333,0.583333,0.75,0.633333,0.0612372,0,0.583333,0.666667,0.625,0.0416667,0,0.5,0.5,0.5,0.0,1,0.4,1.25276,0.77319,0.0,1.33835,0.693147,0.0,0.648605,0.342347,0.0,0.77208,0.0,0.0,1,1,1,1,1,1,1.60944,1.79176,0.939214,0.492791,0.446424,1e-05,1e-06,0.0,1e-06,5e-06,3e-06,1e-06,3e-06,2e-06,4e-06,2e-06,1e-06
g000603.zip,13,12,0.0,0.0,0.0,0.0,1,0.0833333,0.25,0.153846,0.0641026,0,1.0,0.107382,1.0,0.398598,0.284525,0,0.230769,0,-0.2,0.125,0.25,0.185897,0.0387277,0,0.166667,0.2,0.183333,0.0136083,0,0.0833333,0.0833333,0.0833333,0.0,1,0.538462,0.0,1.00503,1.2207,1.17821,0.916291,0.0,0.0,0.239017,0.621543,0.522967,0.0,0.0,1,1,1,1,1,1,2.56495,2.48491,16.0531,15.578,0.475114,1e-05,3e-06,0.0,2e-06,6e-06,4e-06,1e-06,3e-06,2e-06,5e-06,2e-06,1e-06
g000606.zip,17,68,0.428571,0.428571,0.428571,0.0,1,0.5,0.5,0.5,0.0,1,1.0,1.0,1.0,1.0,0.0,1,0.411765,0,0.0,0.5,0.5,0.5,0.0,1,0.5,0.5,0.5,0.0,1,0.5,0.5,0.5,0.0,1,0.176471,0.0,0.0,0.0,0.0,0.0,0.0,0.0,0.0,0.0,0.0,0.0,0.0,1,1,1,1,1,1,2.83321,4.21951,1.83198,-0.445732,2.27771,1.2e-05,1e-06,1e-06,4e-06,9e-06,4e-06,2e-06,6e-06,3e-06,3e-06,3e-06,1e-06
g000650.zip,18,20,0.0,0.0,0.0,0.0,1,0.0588235,0.176471,0.130719,0.0502036,0,1.0,0.0187318,1.0,0.418314,0.274188,0,0.111111,0,-0.407035,0.0980392,0.176471,0.156863,0.0284895,0,0.137255,0.176471,0.163399,0.0184865,0,0.0588235,0.117647,0.101307,0.0263472,0,0.555556,0.0,0.921963,1.16002,1.27197,0.916291,1.09347,0.0,0.365558,0.338763,0.735587,0.5348,0.689279,1,0,1,0,0,0,2.89037,2.99573,16.2446,15.4767,0.767931,1e-05,4e-06,0.0,1e-06,7e-06,3e-06,2e-06,4e-06,3e-06,2e-06,3e-06,2e-06
g000658.zip,17,68,0.428571,0.428571,0.428571,0.0,1,0.5,0.5,0.5,0.0,1,1.0,1.0,1.0,1.0,0.0,1,0.352941,0,0.0,0.5,0.5,0.5,0.0,1,0.5,0.5,0.5,0.0,1,0.5,0.5,0.5,0.0,1,0.176471,0.0,0.0,0.0,0.0,0.0,0.0,0.0,0.0,0.0,0.0,0.0,0.0,1,1,1,1,1,1,2.83321,4.21951,1.83198,-0.445692,2.27767,1.2e-05,1e-06,0.0,4e-06,9e-06,5e-06,3e-06,7e-06,3e-06,2e-06,3e-06,2e-06
g000691.zip,15,45,0.2,0.2,0.2,0.0,1,0.428571,0.428571,0.428571,0.0,1,1.0,1.0,1.0,1.0,0.0,1,0.4,0,0.0,0.428571,0.428571,0.428571,0.0,1,0.428571,0.428571,0.428571,0.0,1,0.428571,0.428571,0.428571,0.0,1,0.2,0.0,0.0,0.0,0.0,0.0,0.0,0.0,0.0,0.0,0.0,0.0,0.0,1,1,1,1,1,1,2.70805,3.80666,1.7485,-0.000295245,1.74879,1.1e-05,1e-06,0.0,3e-06,1e-05,4e-06,2e-06,7e-06,2e-06,2e-06,3e-06,1e-06
g000699.zip,20,30,0.0,0.0,0.0,0.0,1,0.157895,0.157895,0.157895,0.0,1,1.0,1.0,1.0,1.0,0.0,1,0.15,0,0.0,0.157895,0.157895,0.157895,0.0,1,0.157895,0.157895,0.157895,0.0,1,0.157895,0.157895,0.157895,0.0,1,0.4,0.0,0.0,0.0,0.0,0.0,0.0,0.0,0.0,0.0,0.0,0.0,0.0,1,1,1,1,1,1,2.99573,3.4012,1.93792,0.396562,1.54135,1e-05,2e-06,0.0,2e-06,9e-06,4e-06,2e-06,3e-06,2e-06,2e-06,2e-06,2e-06
g000726.zip,6,9,0.5,1.0,0.75,0.25,0,0.4,0.8,0.6,0.2,0,1.0,1.0,1.0,1.0,0.0,1,0.5,0,-0.5,0.6,0.8,0.7,0.1,0,0.6,0.8,0.7,0.1,0,0.4,0.4,0.4,0.0,1,0.5,0.693147,0.693147,0.0,0.693147,0.693147,0.0,0.0,8.88178e-16,0.0,4.44089e-16,0.0,0.0,1,0,1,0,1,1,1.79176,2.19722,1.13021,0.259351,0.870861,1.3e-05,1e-06,0.0,2e-06,5e-06,3e-06,1e-06,3e-06,2e-06,2e-06,2e-06,1e-06
g000756.zip,3,3,1.0,1.0,1.0,0.0,1,1.0,1.0,1.0,0.0,1,1.0,0.146213,1.0,0.472359,0.376553,0,1.0,0,0.0,1.0,1.0,1.0,0.0,1,1.0,1.0,1.0,0.0,1,1.0,1.0,1.0,0.0,1,0.333333,0.0,0.0,0.916291,0.0,0.0,0.0,0.0,0.0,0.500434,0.0,0.0,0.0,1,1,1,1,1,1,1.09861,1.09861,2.2431,2.34727,-0.104168,5e-06,1e-06,0.0,1e-06,4e-06,1e-06,0.0,1e-06,1e-06,0.0,0.0,0.0
g000780.zip,13,39,0.333333,0.533333,0.451852,0.0686935,0,0.5,0.5,0.5,0.0,1,1.0,1.0,1.0,1.0,0.0,1,0.461538,0,0.0,0.5,0.5,0.5,0.0,1,0.5,0.5,0.5,0.0,1,0.5,0.5,0.5,0.0,1,0.230769,1.22678,0.0,0.0,0.0,0.0,0.0,0.568072,0.0,0.0,0.0,0.0,0.0,0,1,1,1,1,1,2.56495,3.66356,1.65079,-0.00519337,1.65598,1.3e-05,1e-06,0.0,2e-06,9e-06,4e-06,2e-06,5e-06,2e-06,2e-06,3e-06,1e-06
g000820.zip,10,15,0.0,0.0,0.0,0.0,1,0.333333,0.333333,0.333333,0.0,1,1.0,1.0,1.0,1.0,0.0,1,0.3,0,0.0,0.333333,0.333333,0.333333,0.0,1,0.333333,0.333333,0.333333,0.0,1,0.333333,0.333333,0.333333,0.0,1,0.4,0.0,0.0,0.0,0.0,0.0,0.0,0.0,0.0,0.0,0.0,0.0,0.0,1,1,1,1,1,1,2.30259,2.70805,1.46431,0.287762,1.17655,9e-06,1e-06,0.0,2e-06,6e-06,3e-06,1e-06,3e-06,1e-06,2e-06,2e-06,1e-06
g000821.zip,11,55,1.0,1.0,1.0,0.0,1,1.0,1.0,1.0,0.0,1,1.0,0.758493,1.0,0.932923,0.0682113,0,1.0,0,0.0,1.0,1.0,1.0,0.0,1,1.0,1.0,1.0,0.0,1,1.0,1.0,1.0,0.0,1,0.0909091,0.0,0.0,1.55295,0.0,0.0,0.0,0.0,0.0,0.853247,0.0,0.0,0.0,1,1,0,1,1,1,2.3979,4.00733,1.46061,-1.46503,2.92563,6e-06,1e-06,1e-06,3e-06,9e-06,1e-06,0.0,1e-06,1e-06,4e-06,1e-06,1e-06
g000888.zip,14,63,0.583333,0.666667,0.648148,0.0292803,0,0.692308,0.692308,0.692308,0.0,1,1.0,1.0,1.0,1.0,0.0,1,0.571429,0,0.0,0.692308,0.692308,0.692308,0.0,1,0.692308,0.692308,0.692308,0.0,1,0.692308,0.692308,0.692308,0.0,1,0.142857,1.40118,0.0,0.0,0.0,0.0,0.0,0.817535,0.0,0.0,0.0,0.0,0.0,0,1,1,1,1,1,2.63906,4.14313,1.70171,-0.0995417,1.80125,1.3e-05,1e-06,0.0,2e-06,8e-06,3e-06,3e-06,5e-06,2e-06,3e-06,2e-06,1e-06
g000906.zip,20,60,0.416667,0.533333,0.507407,0.048503,0,0.157895,0.473684,0.315789,0.0998614,0,1.0,1.83989e-19,1.0,0.0166692,0.128019,0,0.2,0,0.166667,0.315789,0.368421,0.342105,0.0166436,0,0.315789,0.368421,0.342105,0.0214868,0,0.157895,0.263158,0.242105,0.0421053,0,0.25,1.33123,1.25276,4.07782,1.25276,0.916291,1.44692,0.848571,1.55431e-15,2.14604,1.02141e-14,1.55431e-14,0.916291,0,0,1,1,1,0,2.99573,4.09434,10.4114,10.4114,-1.18402e-05,1.2e-05,4e-06,0.0,3e-06,7e-06,4e-06,3e-06,4e-06,3e-06,3e-06,3e-06,2e-06
g000944.zip,13,20,0.0,0.0,0.0,0.0,1,0.166667,0.333333,0.25641,0.0395155,0,1.0,0.5,1.0,0.775,0.248747,0,0.153846,0,-0.538462,0.229167,0.333333,0.266026,0.0286177,0,0.229167,0.333333,0.276389,0.043078,0,0.166667,0.25,0.24359,0.0222058,0,0.384615,0.0,1.65941,0.713148,1.41192,0.916291,2.49183,0.0,0.207441,0.183161,0.603545,0.282949,1.42922,1,1,0,1,1,0,2.56495,2.99573,2.11415,1.19775,0.916402,1e-05,3e-06,0.0,2e-06,6e-06,3e-06,2e-06,5e-06,3e-06,2e-06,3e-06,1e-06
g001055.zip,6,12,0.666667,0.666667,0.666667,0.0,1,0.8,0.8,0.8,0.0,1,1.0,1.0,1.0,1.0,0.0,1,0.5,0,0.0,0.8,0.8,0.8,0.0,1,0.8,0.8,0.8,0.0,1,0.8,0.8,0.8,0.0,1,0.333333,0.0,0.0,0.0,0.0,0.0,0.0,0.0,0.0,0.0,0.0,0.0,0.0,1,1,1,1,1,1,1.79176,2.48491,1.06436,-0.000504956,1.06486,9e-06,1e-06,0.0,2e-06,7e-06,3e-06,1e-06,3e-06,2e-06,2e-06,1e-06,1e-06
g001056.zip,20,50,0.3,0.3,0.3,0.0,1,0.263158,0.263158,0.263158,0.0,1,1.0,1.0,1.0,1.0,0.0,1,0.2,0,0.0,0.263158,0.263158,0.263158,0.0,1,0.263158,0.263158,0.263158,0.0,1,0.263158,0.263158,0.263158,0.0,1,0.25,0.0,0.0,0.0,0.0,0.0,0.0,0.0,0.0,0.0,0.0,0.0,0.0,1,1,1,1,1,1,2.99573,3.91202,1.93792,0.35578,1.58214,1e-05,2e-06,0.0,3e-06,8e-06,4e-06,3e-06,4e-06,3e-06,2e-06,3e-06,2e-06
g001090.zip,12,30,0.5,0.5,0.5,0.0,1,0.454545,0.454545,0.454545,0.0,1,1.0,1.0,1.0,1.0,0.0,1,0.333333,0,0.0,0.454545,0.454545,0.454545,0.0,1,0.454545,0.454545,0.454545,0.0,1,0.454545,0.454545,0.454545,0.0,1,0.25,0.0,0.0,0.0,0.0,0.0,0.0,0.0,0.0,0.0,0.0,0.0,0.0,1,1,1,1,1,1,2.48491,3.4012,1.59497,-0.111696,1.70667,1e-05,1e-06,0.0,4e-06,7e-06,3e-06,2e-06,4e-06,2e-06,2e-06,2e-06,1e-06
g001102.zip,11,28,0.142857,0.5,0.380952,0.168359,0,0.4,0.8,0.509091,0.178145,0,1.0,1.0,1.0,1.0,0.0,1,0.272727,0,-0.75,0.4,0.7,0.618182,0.133609,0,0.4,0.7,0.55,0.15,0,0.4,0.4,0.4,0.0,1,0.363636,0.916291,1.11241,0.0,1.11241,0.693147,0.0,0.5348,0.703405,0.0,0.703405,1.11022e-15,0.0,0,1,1,0,1,1,2.3979,3.3322,1.64348,0.918549,0.724932,1.2e-05,2e-06,0.0,2e-06,5e-06,3e-06,2e-06,3e-06,2e-06,5e-06,2e-06,1e-06
g001125.zip,16,48,0.4,0.4,0.4,0.0,1,0.4,0.4,0.4,0.0,1,1.0,1.0,1.0,1.0,0.0,1,0.25,0,0.0,0.4,0.4,0.4,0.0,1,0.4,0.4,0.4,0.0,1,0.4,0.4,0.4,0.0,1,0.25,0.0,0.0,0.0,0.0,0.0,0.0,0.0,0.0,0.0,0.0,0.0,0.0,1,1,1,1,1,1,2.77259,3.8712,1.79176,-0.405499,2.19726,1e-05,1e-06,1e-06,2e-06,7e-06,3e-06,3e-06,4e-06,3e-06,2e-06,3e-06,1e-06
g001130.zip,11,33,0.466667,0.6,0.511111,0.0444444,0,0.6,0.6,0.6,0.0,1,1.0,1.0,1.0,1.0,0.0,1,0.454545,0,0.0,0.6,0.6,0.6,0.0,1,0.6,0.6,0.6,0.0,1,0.6,0.6,0.6,0.0,1,0.272727,1.17865,0.0,0.0,0.0,0.0,0.0,0.405465,0.0,0.0,0.0,0.0,0.0,1,1,1,1,1,1,2.3979,3.49651,1.53326,-0.0439474,1.57721,1.2e-05,1e-06,1e-06,2e-06,7e-06,6e-06,2e-06,5e-06,2e-06,2e-06,2e-06,0.0
g001140.zip,18,21,0.0,0.333333,0.0740741,0.13858,0,0.0588235,0.176471,0.137255,0.0480292,0,1.0,0.0392129,1.0,0.366015,0.251686,0,0.166667,0,0.106383,0.0980392,0.176471,0.152505,0.0265938,0,0.147059,0.156863,0.150327,0.00462161,0,0.0588235,0.117647,0.0947712,0.0286764,0,0.444444,1.33123,1.04145,1.47278,1.07594,0.916291,0.791993,0.848571,0.51904,0.671285,0.508012,0.5348,0.375585,1,0,1,0,1,0,2.89037,3.04452,16.2185,15.6118,0.606688,1.1e-05,2e-06,0.0,2e-06,8e-06,4e-06,2e-06,3e-06,3e-06,2e-06,3e-06,1e-06
g001267.zip,17,20,0.0,1.0,0.166667,0.31427,0,0.0625,0.25,0.147059,0.0476525,0,1.0,0.160119,1.0,0.469869,0.216206,0,0.176471,0,-0.111111,0.125,0.21875,0.162377,0.0311598,0,0.125,0.179688,0.153429,0.0194042,0,0.0625,0.125,0.110294,0.0265114,0,0.470588,1.88018,1.29533,1.34904,1.09131,1.09538,1.26911,1.09485,0.0995791,0.538172,0.258276,0.153485,0.810074,1,1,1,1,0,0,2.83321,2.99573,16.4131,15.4426,0.970417,1.2e-05,2e-06,0.0,2e-06,8e-06,4e-06,1e-06,3e-06,3e-06,2e-06,3e-06,2e-06
g001272.zip,9,36,1.0,1.0,1.0,0.0,1,1.0,1.0,1.0,0.0,1,1.0,0.1604,1.0,0.611413,0.193434,0,1.0,0,0.0,1.0,1.0,1.0,0.0,1,1.0,1.0,1.0,0.0,1,1.0,1.0,1.0,0.0,1,0.111111,0.0,0.0,1.25823,0.0,0.0,0.0,0.0,0.0,0.0623136,0.0,0.0,0.0,1,1,0,1,1,1,2.19722,3.58352,0.781761,-1.1764,1.95816,7e-06,1e-06,1e-06,3e-06,7e-06,1e-06,0.0,1e-06,1e-06,1e-06,0.0,1e-06
g001284.zip,20,26,0.0,0.0,0.0,0.0,1,0.105263,0.157895,0.136842,0.0257841,0,1.0,1.0,1.0,1.0,0.0,1,0.1,0,-0.444444,0.122807,0.157895,0.14386,0.0171894,0,0.134503,0.157895,0.146199,0.0116959,0,0.105263,0.105263,0.105263,0.0,1,0.5,0.0,0.77319,0.0,0.77319,0.693147,0.0,0.0,0.342347,0.0,0.342347,3.55271e-15,0.0,1,0,1,0,0,1,2.99573,3.2581,1.95729,0.777323,1.17997,1e-05,3e-06,1e-06,1e-06,8e-06,4e-06,2e-06,4e-06,2e-06,4e-06,3e-06,2e-06
g001291.zip,4,6,1.0,1.0,1.0,0.0,1,1.0,1.0,1.0,0.0,1,1.0,1.0,1.0,1.0,0.0,1,1.0,0,0.0,1.0,1.0,1.0,0.0,1,1.0,1.0,1.0,0.0,1,1.0,1.0,1.0,0.0,1,0.25,0.0,0.0,0.0,0.0,0.0,0.0,0.0,0.0,0.0,0.0,0.0,0.0,1,1,1,1,1,1,1.38629,1.79176,0.693147,-0.404938,1.09809,6e-06,2e-06,0.0,2e-06,5e-06,0.0,0.0,1e-06,1e-06,1e-06,0.0,1e-06
g001318.zip,20,26,0.0,0.0,0.0,0.0,1,0.105263,0.157895,0.136842,0.0257841,0,1.0,1.0,1.0,1.0,0.0,1,0.1,0,-0.444444,0.122807,0.157895,0.14386,0.0171894,0,0.134503,0.157895,0.146199,0.0116959,0,0.105263,0.105263,0.105263,0.0,1,0.5,0.0,0.77319,0.0,0.77319,0.693147,0.0,0.0,0.342347,0.0,0.342347,3.55271e-15,0.0,1,0,1,0,0,1,2.99573,3.2581,1.95729,0.777555,1.17974,1e-05,3e-06,1e-06,1e-06,9e-06,4e-06,2e-06,3e-06,2e-06,5e-06,3e-06,2e-06
g001338.zip,5,4,0.0,0.0,0.0,0.0,1,0.25,0.5,0.4,0.122474,0,1.0,1.0,1.0,1.0,0.0,1,0.4,0,-0.333333,0.375,0.5,0.45,0.0612372,0,0.416667,0.5,0.458333,0.0416667,0,0.25,0.25,0.25,0.0,1,0.6,0.0,0.77319,0.0,0.77319,0.693147,0.0,0.0,0.342347,0.0,0.342347,1.9984e-15,0.0,1,0,1,0,0,1,1.60944,1.38629,1.08634,1.11571,-0.0293722,8e-06,3e-06,0.0,1e-06,7e-06,3e-06,0.0,3e-06,2e-06,1e-06,2e-06,1e-06
g001341.zip,13,39,0.4,0.4,0.4,0.0,1,0.5,0.5,0.5,0.0,1,1.0,1.0,1.0,1.0,0.0,1,0.384615,0,0.0,0.5,0.5,0.5,0.0,1,0.5,0.5,0.5,0.0,1,0.5,0.5,0.5,0.0,1,0.230769,0.0,0.0,0.0,0.0,0.0,0.0,0.0,0.0,0.0,0.0,0.0,0.0,1,1,1,1,1,1,2.56495,3.66356,1.65079,-0.264563,1.91535,1e-05,1e-06,0.0,2e-06,8e-06,3e-06,2e-06,4e-06,2e-06,2e-06,3e-06,1e-06
g001363.zip,4,6,1.0,1.0,1.0,0.0,1,1.0,1.0,1.0,0.0,1,1.0,0.243902,1.0,0.634146,0.261082,0,1.0,0,0.0,1.0,1.0,1.0,0.0,1,1.0,1.0,1.0,0.0,1,1.0,1.0,1.0,0.0,1,0.25,0.0,0.0,0.994369,0.0,0.0,0.0,0.0,0.0,0.015673,0.0,0.0,0.0,1,1,1,1,1,1,1.38629,1.79176,4.69341,4.58315,0.110258,7e-06,1e-06,0.0,5e-06,5e-06,0.0,0.0,1e-06,1e-06,1e-06,1e-06,0.0
g001439.zip,16,48,0.4,0.4,0.4,0.0,1,0.4,0.4,0.4,0.0,1,1.0,1.0,1.0,1.0,0.0,1,0.375,0,0.0,0.4,0.4,0.4,0.0,1,0.4,0.4,0.4,0.0,1,0.4,0.4,0.4,0.0,1,0.1875,0.0,0.0,0.0,0.0,0.0,0.0,0.0,0.0,0.0,0.0,0.0,0.0,1,1,1,1,1,1,2.77259,3.8712,1.79176,-0.405482,2.19724,1.1e-05,1e-06,0.0,3e-06,8e-06,4e-06,2e-06,4e-06,2e-06,2e-06,2e-06,1e-06
g001466.zip,8,20,0.6,0.6,0.6,0.0,1,0.714286,0.714286,0.714286,0.0,1,1.0,0.333333,1.0,0.666667,0.210819,0,0.5,0,0.0,0.714286,0.714286,0.714286,0.0,1,0.714286,0.714286,0.714286,0.0,1,0.714286,0.714286,0.714286,0.0,1,0.25,0.0,0.0,1.25276,0.0,0.0,0.0,0.0,0.0,1.11022e-15,0.0,0.0,0.0,1,1,0,1,1,1,2.07944,2.99573,2.0048,1.00627,0.998526,1e-05,1e-06,0.0,6e-06,6e-06,3e-06,2e-06,3e-06,2e-06,2e-06,2e-06,1e-06
g001498.zip,8,12,0.0,0.0,0.0,0.0,1,0.428571,0.428571,0.428571,0.0,1,1.0,1.0,1.0,1.0,0.0,1,0.25,0,0.0,0.428571,0.428571,0.428571,0.0,1,0.428571,0.428571,0.428571,0.0,1,0.428571,0.428571,0.428571,0.0,1,0.5,0.0,0.0,0.0,0.0,0.0,0.0,0.0,0.0,0.0,0.0,0.0,0.0,1,1,1,1,1,1,2.07944,2.48491,1.2966,0.69215,0.604453,9e-06,1e-06,0.0,2e-06,6e-06,2e-06,1e-06,3e-06,1e-06,2e-06,2e-06,0.0
g001511.zip,7,12,0.0,0.5,0.333333,0.166667,0,0.5,0.666667,0.571429,0.0824786,0,1.0,1.0,1.0,1.0,0.0,1,0.571429,0,0.0,0.5,0.611111,0.583333,0.0363696,0,0.583333,0.583333,0.583333,0.0,1,0.5,0.5,0.5,0.0,1,0.428571,1.38629,0.733969,0.0,1.62597,0.0,0.0,0.693147,0.253615,0.0,0.927241,0.0,0.0,0,1,1,0,1,1,1.94591,2.48491,1.19896,0.441808,0.757153,1e-05,2e-06,0.0,1e-06,5e-06,3e-06,1e-06,3e-06,2e-06,2e-06,2e-06,1e-06
g001567.zip,16,40,0.0,0.0,0.0,0.0,1,0.333333,0.333333,0.333333,0.0,1,1.0,1.0,1.0,1.0,0.0,1,0.25,0,0.0,0.333333,0.333333,0.333333,0.0,1,0.333333,0.333333,0.333333,0.0,1,0.333333,0.333333,0.333333,0.0,1,0.3125,0.0,0.0,0.0,0.0,0.0,0.0,0.0,0.0,0.0,0.0,0.0,0.0,1,1,1,1,1,1,2.77259,3.68888,1.79176,0.182344,1.60942,1e-05,1e-06,0.0,2e-06,6e-06,3e-06,2e-06,4e-06,2e-06,2e-06,2e-06,1e-06
g001578.zip,17,68,0.428571,0.428571,0.428571,0.0,1,0.5,0.5,0.5,0.0,1,1.0,1.0,1.0,1.0,0.0,1,0.352941,0,0.0,0.5,0.5,0.5,0.0,1,0.5,0.5,0.5,0.0,1,0.5,0.5,0.5,0.0,1,0.176471,0.0,0.0,0.0,0.0,0.0,0.0,0.0,0.0,0.0,0.0,0.0,0.0,1,1,1,1,1,1,2.83321,4.21951,1.83198,-0.445759,2.27773,1.1e-05,1e-06,1e-06,4e-06,8e-06,4e-06,3e-06,6e-06,3e-06,3e-06,3e-06,1e-06
g001652.zip,20,30,0.0,0.0,0.0,0.0,1,0.157895,0.157895,0.157895,0.0,1,1.0,1.0,1.0,1.0,0.0,1,0.2,0,0.0,0.157895,0.157895,0.157895,0.0,1,0.157895,0.157895,0.157895,0.0,1,0.157895,0.157895,0.157895,0.0,1,0.35,0.0,0.0,0.0,0.0,0.0,0.0,0.0,0.0,0.0,0.0,0.0,0.0,1,1,1,1,1,1,2.99573,3.4012,1.93792,0.39488,1.54304,1e-05,2e-06,0.0,2e-06,8e-06,4e-06,2e-06,3e-06,3e-06,2e-06,3e-06,1e-06
g001688.zip,3,3,1.0,1.0,1.0,0.0,1,1.0,1.0,1.0,0.0,1,1.0,1.0,1.0,1.0,0.0,1,1.0,0,0.0,1.0,1.0,1.0,0.0,1,1.0,1.0,1.0,0.0,1,1.0,1.0,1.0,0.0,1,0.333333,0.0,0.0,0.0,0.0,0.0,0.0,0.0,0.0,0.0,0.0,0.0,0.0,1,1,1,1,1,1,1.09861,1.09861,0.381245,0.004561,0.376684,6e-06,1e-06,0.0,2e-06,7e-06,1e-06,0.0,1e-06,1e-06,1e-06,0.0,1e-06
g001712.zip,4,4,0.0,1.0,0.583333,0.433013,0,0.333333,1.0,0.666667,0.235702,0,1.0,1.0,1.0,1.0,0.0,1,0.75,0,-0.714286,0.555556,1.0,0.805556,0.159571,0,0.555556,1.0,0.796296,0.183324,0,0.333333,0.666667,0.583333,0.144338,0,0.5,0.824103,1.09861,0.0,1.11771,0.916291,1.20397,0.193783,2.22045e-16,0.0,0.409728,0.258356,0.767652,0,1,1,0,0,0,1.38629,1.38629,0.959328,0.781531,0.177796,1e-05,4e-06,0.0,1e-06,4e-06,3e-06,1e-06,2e-06,2e-06,2e-06,2e-06,1e-06
g001759.zip,11,33,0.466667,0.6,0.503704,0.0456623,0,0.6,0.6,0.6,0.0,1,1.0,1.0,1.0,1.0,0.0,1,0.545455,0,0.0,0.6,0.6,0.6,0.0,1,0.6,0.6,0.6,0.0,1,0.6,0.6,0.6,0.0,1,0.272727,1.25197,0.0,0.0,0.0,0.0,0.0,0.607982,0.0,0.0,0.0,0.0,0.0,1,1,1,1,1,1,2.3979,3.49651,1.53326,-0.0290846,1.56234,1.2e-05,2e-06,0.0,2e-06,9e-06,4e-06,2e-06,4e-06,2e-06,2e-06,3e-06,1e-06
g001760.zip,6,9,0.0,0.0,0.0,0.0,1,0.6,0.6,0.6,0.0,1,1.0,1.0,1.0,1.0,0.0,1,0.333333,0,0.0,0.6,0.6,0.6,0.0,1,0.6,0.6,0.6,0.0,1,0.6,0.6,0.6,0.0,1,0.5,0.0,0.0,0.0,0.0,0.0,0.0,0.0,0.0,0.0,0.0,0.0,0.0,1,1,1,1,1,1,1.79176,2.19722,1.0644,0.707909,0.356495,8e-06,1e-06,1e-06,1e-06,4e-06,2e-06,1e-06,3e-06,2e-06,1e-06,1e-06,1e-06
g001767.zip,10,15,0.0,0.0,0.0,0.0,1,0.333333,0.333333,0.333333,0.0,1,1.0,1.0,1.0,1.0,0.0,1,0.3,0,0.0,0.333333,0.333333,0.333333,0.0,1,0.333333,0.333333,0.333333,0.0,1,0.333333,0.333333,0.333333,0.0,1,0.4,0.0,0.0,0.0,0.0,0.0,0.0,0.0,0.0,0.0,0.0,0.0,0.0,1,1,1,1,1,1,2.30259,2.70805,1.46431,0.287858,1.17645,9e-06,1e-06,0.0,2e-06,6e-06,3e-06,2e-06,3e-06,2e-06,1e-06,2e-06,1e-06
g001781.zip,10,15,0.0,0.0,0.0,0.0,1,0.333333,0.333333,0.333333,0.0,1,1.0,1.0,1.0,1.0,0.0,1,0.3,0,0.0,0.333333,0.333333,0.333333,0.0,1,0.333333,0.333333,0.333333,0.0,1,0.333333,0.333333,0.333333,0.0,1,0.4,0.0,0.0,0.0,0.0,0.0,0.0,0.0,0.0,0.0,0.0,0.0,0.0,1,1,1,1,1,1,2.30259,2.70805,1.46431,0.287886,1.17642,9e-06,1e-06,0.0,2e-06,7e-06,3e-06,1e-06,3e-06,2e-06,2e-06,2e-06,1e-06
g001820.zip,10,15,0.0,0.0,0.0,0.0,1,0.333333,0.333333,0.333333,0.0,1,1.0,1.0,1.0,1.0,0.0,1,0.4,0,0.0,0.333333,0.333333,0.333333,0.0,1,0.333333,0.333333,0.333333,0.0,1,0.333333,0.333333,0.333333,0.0,1,0.3,0.0,0.0,0.0,0.0,0.0,0.0,0.0,0.0,0.0,0.0,0.0,0.0,1,1,1,1,1,1,2.30259,2.70805,1.46431,0.287733,1.17658,1e-05,1e-06,0.0,2e-06,6e-06,4e-06,1e-06,3e-06,2e-06,2e-06,2e-06,1e-06
g001872.zip,18,48,0.311111,0.833333,0.532716,0.152628,0,0.176471,0.588235,0.313725,0.132987,0,1.0,1.0,1.0,1.0,0.0,1,0.222222,0,-0.212544,0.308824,0.470588,0.383914,0.0511568,0,0.320261,0.437908,0.365523,0.0412108,0,0.176471,0.235294,0.212418,0.0286764,0,0.277778,1.22353,1.31885,0.0,0.9621,1.08016,0.791993,0.427836,0.720047,0.0,0.181833,0.437468,0.375585,1,1,1,1,1,0,2.89037,3.8712,1.93983,0.142537,1.79729,1.3e-05,2e-06,0.0,1e-06,8e-06,4e-06,3e-06,5e-06,3e-06,3e-06,4e-06,1e-06
g001877.zip,14,21,0.0,0.0,0.0,0.0,1,0.230769,0.230769,0.230769,0.0,1,1.0,1.0,1.0,1.0,0.0,1,0.214286,0,0.0,0.230769,0.230769,0.230769,0.0,1,0.230769,0.230769,0.230769,0.0,1,0.230769,0.230769,0.230769,0.0,1,0.357143,0.0,0.0,0.0,0.0,0.0,0.0,0.0,0.0,0.0,0.0,0.0,0.0,1,1,1,1,1,1,2.63906,3.04452,1.70171,0.6927,1.00901,1e-05,1e-06,0.0,2e-06,7e-06,3e-06,1e-06,5e-06,2e-06,2e-06,2e-06,1e-06
g001940.zip,20,30,0.0,0.0,0.0,0.0,1,0.157895,0.157895,0.157895,0.0,1,1.0,1.0,1.0,1.0,0.0,1,0.15,0,0.0,0.157895,0.157895,0.157895,0.0,1,0.157895,0.157895,0.157895,0.0,1,0.157895,0.157895,0.157895,0.0,1,0.4,0.0,0.0,0.0,0.0,0.0,0.0,0.0,0.0,0.0,0.0,0.0,0.0,1,1,1,1,1,1,2.99573,3.4012,1.93792,0.396562,1.54135,1e-05,1e-06,0.0,2e-06,9e-06,4e-06,2e-06,3e-06,3e-06,2e-06,3e-06,1e-06
g001948.zip,5,10,1.0,1.0,1.0,0.0,1,1.0,1.0,1.0,0.0,1,1.0,0.326321,1.0,0.615742,0.216247,0,1.0,0,0.0,1.0,1.0,1.0,0.0,1,1.0,1.0,1.0,0.0,1,1.0,1.0,1.0,0.0,1,0.2,0.0,0.0,1.04735,0.0,0.0,0.0,0.0,0.0,0.285745,0.0,0.0,0.0,1,1,1,1,1,1,1.60944,2.30259,4.99098,4.18636,0.804619,6e-06,1e-06,0.0,4e-06,5e-06,1e-06,0.0,1e-06,1e-06,1e-06,1e-06,0.0
g001956.zip,8,7,0.0,0.0,0.0,0.0,1,0.142857,0.428571,0.25,0.0944911,0,1.0,1.0,1.0,1.0,0.0,1,0.25,1,-0.333333,0.142857,0.428571,0.297619,0.080742,0,0.238095,0.333333,0.285714,0.0388808,0,0.142857,0.285714,0.214286,0.0714286,0,0.625,0.0,1.17077,0.0,1.29829,0.916291,0.693147,0.0,0.280634,0.0,0.260893,1.11022e-15,1.11022e-15,1,1,1,0,0,1,2.07944,1.94591,1.42674,1.18828,0.238454,8e-06,3e-06,1e-06,1e-06,5e-06,2e-06,0.0,2e-06,2e-06,4e-06,2e-06,1e-06
g001967.zip,18,48,0.311111,0.833333,0.532716,0.152628,0,0.176471,0.588235,0.313725,0.132987,0,1.0,1.0,1.0,1.0,0.0,1,0.222222,0,-0.212544,0.308824,0.470588,0.383914,0.0511568,0,0.320261,0.437908,0.365523,0.0412108,0,0.176471,0.235294,0.212418,0.0286764,0,0.277778,1.22353,1.31885,0.0,0.9621,1.08016,0.791993,0.427836,0.720047,0.0,0.181833,0.437468,0.375585,1,1,1,1,1,0,2.89037,3.8712,1.93983,0.138027,1.8018,1.3e-05,2e-06,0.0,2e-06,8e-06,5e-06,2e-06,6e-06,3e-06,3e-06,4e-06,2e-06
g001976.zip,8,16,0.5,0.5,0.5,0.0,1,0.571429,0.571429,0.571429,0.0,1,1.0,1.0,1.0,1.0,0.0,1,0.5,0,0.0,0.571429,0.571429,0.571429,0.0,1,0.571429,0.571429,0.571429,0.0,1,0.571429,0.571429,0.571429,0.0,1,0.25,0.0,0.0,0.0,0.0,0.0,0.0,0.0,0.0,0.0,0.0,0.0,0.0,1,1,1,1,1,1,2.07944,2.77259,1.2966,6.45638e-05,1.29654,9e-06,1e-06,0.0,2e-06,7e-06,3e-06,1e-06,3e-06,1e-06,1e-06,2e-06,1e-06
g001979.zip,11,20,0.0,0.0,0.0,0.0,1,0.3,0.5,0.363636,0.0642824,0,1.0,1.0,1.0,1.0,0.0,1,0.363636,0,-0.714286,0.3,0.433333,0.383333,0.0476731,0,0.3,0.433333,0.361111,0.0549972,0,0.3,0.3,0.3,0.0,1,0.454545,0.0,1.20117,0.0,0.919249,0.916291,0.0,0.0,0.411525,0.0,0.11023,0.258356,0.0,1,1,1,0,1,1,2.3979,2.99573,1.56039,0.65612,0.904269,9e-06,3e-06,0.0,2e-06,6e-06,3e-06,1e-06,5e-06,2e-06,3e-06,2e-06,1e-06
g002023.zip,11,20,0.0,0.0,0.0,0.0,1,0.3,0.5,0.363636,0.0642824,0,1.0,1.0,1.0,1.0,0.0,1,0.363636,0,-0.714286,0.3,0.433333,0.383333,0.0476731,0,0.3,0.433333,0.361111,0.0549972,0,0.3,0.3,0.3,0.0,1,0.454545,0.0,1.20117,0.0,0.919249,0.916291,0.0,0.0,0.411525,0.0,0.11023,0.258356,0.0,1,1,1,0,1,1,2.3979,2.99573,1.56039,0.659115,0.901273,1e-05,4e-06,0.0,1e-06,6e-06,3e-06,2e-06,3e-06,2e-06,2e-06,2e-06,1e-06
g002063.zip,6,9,0.0,0.0,0.0,0.0,1,0.6,0.6,0.6,0.0,1,1.0,1.0,1.0,1.0,0.0,1,0.333333,0,0.0,0.6,0.6,0.6,0.0,1,0.6,0.6,0.6,0.0,1,0.6,0.6,0.6,0.0,1,0.5,0.0,0.0,0.0,0.0,0.0,0.0,0.0,0.0,0.0,0.0,0.0,0.0,1,1,1,1,1,1,1.79176,2.19722,1.06436,0.689506,0.374856,9e-06,1e-06,0.0,2e-06,5e-06,3e-06,1e-06,3e-06,2e-06,1e-06,2e-06,1e-06
g002095.zip,8,19,0.5,0.666667,0.591667,0.0595119,0,0.571429,0.714286,0.678571,0.061859,0,1.0,1.0,1.0,1.0,0.0,1,0.5,0,-0.266667,0.657143,0.714286,0.685714,0.0202031,0,0.67619,0.714286,0.695238,0.0190476,0,0.571429,0.571429,0.571429,0.0,1,0.25,1.11122,1.20397,0.0,1.09861,0.693147,0.0,0.344899,0.767652,0.0,1.64313e-14,0.0,0.0,0,0,1,0,1,1,2.07944,2.94444,1.30007,0.170571,1.1295,1e-05,2e-06,1e-06,2e-06,5e-06,3e-06,2e-06,3e-06,5e-06,2e-06,2e-06,1e-06
g002129.zip,12,24,0.0,0.0,0.0,0.0,1,0.363636,0.363636,0.363636,0.0,1,1.0,1.0,1.0,1.0,0.0,1,0.333333,0,0.0,0.363636,0.363636,0.363636,0.0,1,0.363636,0.363636,0.363636,0.0,1,0.363636,0.363636,0.363636,0.0,1,0.333333,0.0,0.0,0.0,0.0,0.0,0.0,0.0,0.0,0.0,0.0,0.0,0.0,1,1,1,1,1,1,2.48491,3.17805,1.59497,0.384989,1.20999,1e-05,1e-06,0.0,3e-06,6e-06,3e-06,1e-06,3e-06,2e-06,2e-06,2e-06,1e-06
g002186.zip,5,6,0.333333,1.0,0.866667,0.266667,0,0.5,1.0,0.6,0.2,0,1.0,1.0,1.0,1.0,0.0,1,0.6,0,-0.5,0.5,0.75,0.7,0.1,0,0.5,0.75,0.625,0.125,0,0.5,0.5,0.5,0.0,1,0.4,1.44692,1.44692,0.0,1.44692,0.693147,0.0,0.916291,0.916291,0.0,0.916291,0.0,0.0,0,1,1,0,1,1,1.60944,1.79176,1.06023,0.698502,0.361724,9e-06,1e-06,0.0,1e-06,5e-06,3e-06,1e-06,3e-06,1e-06,4e-06,1e-06,0.0
g002189.zip,9,36,1.0,1.0,1.0,0.0,1,1.0,1.0,1.0,0.0,1,1.0,1.0,1.0,1.0,0.0,1,1.0,0,0.0,1.0,1.0,1.0,0.0,1,1.0,1.0,1.0,0.0,1,1.0,1.0,1.0,0.0,1,0.111111,0.0,0.0,0.0,0.0,0.0,0.0,0.0,0.0,0.0,0.0,0.0,0.0,1,1,1,1,1,1,2.19722,3.58352,3.68888,0.916301,2.77258,6e-06,1e-06,0.0,3e-06,5e-06,1e-06,0.0,1e-06,1e-06,1e-06,0.0,1e-06
g002206.zip,6,9,0.0,0.0,0.0,0.0,1,0.6,0.6,0.6,0.0,1,1.0,1.0,1.0,1.0,0.0,1,0.333333,0,0.0,0.6,0.6,0.6,0.0,1,0.6,0.6,0.6,0.0,1,0.6,0.6,0.6,0.0,1,0.5,0.0,0.0,0.0,0.0,0.0,0.0,0.0,0.0,0.0,0.0,0.0,0.0,1,1,1,1,1,1,1.79176,2.19722,1.06437,0.685127,0.379245,8e-06,1e-06,1e-06,2e-06,4e-06,3e-06,1e-06,2e-06,1e-06,1e-06,1e-06,1e-06
g002218.zip,10,15,0.0,0.0,0.0,0.0,1,0.333333,0.333333,0.333333,0.0,1,1.0,1.0,1.0,1.0,0.0,1,0.3,0,0.0,0.333333,0.333333,0.333333,0.0,1,0.333333,0.333333,0.333333,0.0,1,0.333333,0.333333,0.333333,0.0,1,0.4,0.0,0.0,0.0,0.0,0.0,0.0,0.0,0.0,0.0,0.0,0.0,0.0,1,1,1,1,1,1,2.30259,2.70805,1.46431,0.287762,1.17655,9e-06,1e-06,0.0,2e-06,6e-06,3e-06,1e-06,3e-06,4e-05,1e-06,2e-06,1e-06
g002248.zip,18,21,0.0,0.333333,0.0555556,0.111111,0,0.0588235,0.235294,0.137255,0.0554594,0,1.0,0.00774469,1.0,0.341619,0.259466,0,0.166667,0,-0.27957,0.0784314,0.235294,0.16585,0.0315258,0,0.132353,0.188235,0.161029,0.0200726,0,0.0588235,0.117647,0.0915033,0.0292296,0,0.555556,1.70475,1.0229,1.32939,1.76928,1.06026,0.71784,1.0116,0.269538,0.501132,0.465008,0.0982092,0.201803,1,0,1,0,0,0,2.89037,3.04452,16.1979,15.4415,0.756421,1.1e-05,2e-06,0.0,3e-06,8e-06,4e-06,2e-06,4e-06,3e-06,2e-06,3e-06,2e-06
g002262.zip,17,68,0.428571,0.428571,0.428571,0.0,1,0.5,0.5,0.5,0.0,1,1.0,1.0,1.0,1.0,0.0,1,0.352941,0,0.0,0.5,0.5,0.5,0.0,1,0.5,0.5,0.5,0.0,1,0.5,0.5,0.5,0.0,1,0.176471,0.0,0.0,0.0,0.0,0.0,0.0,0.0,0.0,0.0,0.0,0.0,0.0,1,1,1,1,1,1,2.83321,4.21951,1.83198,-0.445759,2.27773,1.2e-05,1e-06,0.0,3e-06,9e-06,4e-06,3e-06,5e-06,3e-06,2e-06,3e-06,2e-06
g002338.zip,20,40,0.0,0.0,0.0,0.0,1,0.210526,0.210526,0.210526,0.0,1,1.0,1.0,1.0,1.0,0.0,1,0.1,0,0.0,0.210526,0.210526,0.210526,0.0,1,0.210526,0.210526,0.210526,0.0,1,0.210526,0.210526,0.210526,0.0,1,0.5,0.0,0.0,0.0,0.0,0.0,0.0,0.0,0.0,0.0,0.0,0.0,0.0,1,1,1,1,1,1,2.99573,3.68888,1.93792,0.681902,1.25602,1e-05,1e-06,0.0,3e-06,9e-06,3e-06,2e-06,4e-06,3e-06,2e-06,3e-06,2e-06
g002347.zip,13,39,0.333333,0.533333,0.451852,0.0686935,0,0.5,0.5,0.5,0.0,1,1.0,1.0,1.0,1.0,0.0,1,0.461538,0,0.0,0.5,0.5,0.5,0.0,1,0.5,0.5,0.5,0.0,1,0.5,0.5,0.5,0.0,1,0.230769,1.22678,0.0,0.0,0.0,0.0,0.0,0.568072,0.0,0.0,0.0,0.0,0.0,0,1,1,1,1,1,2.56495,3.66356,1.65079,-0.0247377,1.67553,1.2e-05,1e-06,1e-06,2e-06,9e-06,3e-06,2e-06,4e-06,3e-06,2e-06,2e-06,1e-06
g002354.zip,6,8,0.0,0.333333,0.166667,0.166667,0,0.4,0.6,0.533333,0.0942809,0,1.0,1.0,1.0,1.0,0.0,1,0.5,0,-0.333333,0.466667,0.6,0.555556,0.0496904,0,0.533333,0.6,0.566667,0.0333333,0,0.4,0.4,0.4,0.0,1,0.5,0.693147,0.916291,0.0,1.11186,0.693147,0.0,0.0,0.5348,0.0,0.486184,4.88498e-15,0.0,1,0,1,0,0,1,1.79176,2.07944,1.09802,0.788806,0.309218,1.2e-05,2e-06,0.0,1e-06,4e-06,2e-06,1e-06,2e-06,2e-06,2e-06,2e-06,1e-06
g002397.zip,8,22,0.7,0.714286,0.703571,0.0061859,0,0.714286,1.0,0.785714,0.123718,0,1.0,1.0,1.0,1.0,0.0,1,0.5,0,-0.257143,0.755102,0.828571,0.810204,0.0318132,0,0.755102,0.828571,0.791837,0.0367347,0,0.714286,0.714286,0.714286,0.0,1,0.375,1.20397,1.20397,0.0,1.20397,0.693147,0.0,0.767652,0.767652,0.0,0.767652,4.66294e-15,0.0,1,1,1,0,1,1,2.07944,3.09104,1.30739,0.0783303,1.22906,1.5e-05,1e-06,0.0,2e-06,6e-06,3e-06,2e-06,3e-06,2e-06,5e-06,2e-06,1e-06
g002424.zip,20,50,0.3,0.3,0.3,0.0,1,0.263158,0.263158,0.263158,0.0,1,1.0,1.0,1.0,1.0,0.0,1,0.25,0,0.0,0.263158,0.263158,0.263158,0.0,1,0.263158,0.263158,0.263158,0.0,1,0.263158,0.263158,0.263158,0.0,1,0.25,0.0,0.0,0.0,0.0,0.0,0.0,0.0,0.0,0.0,0.0,0.0,0.0,1,1,1,1,1,1,2.99573,3.91202,1.93792,0.356805,1.58111,1.1e-05,2e-06,0.0,3e-06,8e-06,4e-06,2e-06,4e-06,3e-06,3e-06,2e-06,2e-06
g002428.zip,12,30,0.5,0.5,0.5,0.0,1,0.454545,0.454545,0.454545,0.0,1,1.0,1.0,1.0,1.0,0.0,1,0.416667,0,0.0,0.454545,0.454545,0.454545,0.0,1,0.454545,0.454545,0.454545,0.0,1,0.454545,0.454545,0.454545,0.0,1,0.25,0.0,0.0,0.0,0.0,0.0,0.0,0.0,0.0,0.0,0.0,0.0,0.0,1,1,1,1,1,1,2.48491,3.4012,1.59497,-0.111843,1.70682,1.1e-05,1e-06,0.0,2e-06,6e-06,4e-06,2e-06,3e-06,2e-06,2e-06,2e-06,0.0
g002442.zip,5,6,0.0,1.0,0.6,0.38873,0,0.25,1.0,0.6,0.254951,0,1.0,1.0,1.0,1.0,0.0,1,0.6,0,-0.714286,0.5,1.0,0.783333,0.177561,0,0.5,1.0,0.760417,0.191791,0,0.25,0.5,0.45,0.1,0,0.6,0.966234,1.08371,0.0,1.03168,0.918153,1.44692,0.309815,0.240233,0.0,0.3722,0.10831,0.916291,0,1,1,0,0,0,1.60944,1.79176,1.13132,0.789737,0.341586,9e-06,3e-06,0.0,1e-06,5e-06,2e-06,2e-06,2e-06,2e-06,2e-06,2e-06,1e-06
g002497.zip,12,11,0.0,0.0,0.0,0.0,1,0.0909091,0.272727,0.166667,0.0624713,0,1.0,0.208214,1.0,0.610182,0.281515,0,0.25,0,-0.425926,0.136364,0.272727,0.199495,0.0436657,0,0.151515,0.227273,0.191919,0.0311334,0,0.0909091,0.0909091,0.0909091,0.0,1,0.5,0.0,1.13374,0.888583,1.09042,0.916291,0.0,0.0,0.205606,0.162799,0.30417,0.214356,0.0,1,1,0,1,0,1,2.48491,2.3979,16.0215,15.2678,0.753645,9e-06,3e-06,0.0,2e-06,5e-06,3e-06,1e-06,3e-06,2e-06,1e-06,2e-06,1e-06
g002511.zip,6,10,0.333333,0.666667,0.555556,0.157135,0,0.6,0.8,0.666667,0.0942809,0,1.0,1.0,1.0,1.0,0.0,1,0.5,0,-0.666667,0.6,0.733333,0.688889,0.0628539,0,0.6,0.733333,0.666667,0.0666667,0,0.6,0.6,0.6,0.0,1,0.333333,0.916291,0.916291,0.0,0.916291,0.693147,0.0,0.5348,0.5348,0.0,0.5348,0.0,0.0,0,1,1,0,1,1,1.79176,2.30259,1.09854,0.655247,0.443291,1e-05,1e-06,0.0,1e-06,5e-06,3e-06,1e-06,3e-06,2e-06,4e-06,2e-06,1e-06
g002521.zip,20,30,0.0,0.0,0.0,0.0,1,0.157895,0.157895,0.157895,0.0,1,1.0,1.0,1.0,1.0,0.0,1,0.2,0,0.0,0.157895,0.157895,0.157895,0.0,1,0.157895,0.157895,0.157895,0.0,1,0.157895,0.157895,0.157895,0.0,1,0.35,0.0,0.0,0.0,0.0,0.0,0.0,0.0,0.0,0.0,0.0,0.0,0.0,1,1,1,1,1,1,2.99573,3.4012,1.93792,0.39488,1.54304,1e-05,1e-06,0.0,2e-06,8e-06,4e-06,1e-06,3e-06,3e-06,2e-06,3e-06,2e-06
g002609.zip,12,30,0.5,0.5,0.5,0.0,1,0.454545,0.454545,0.454545,0.0,1,1.0,1.0,1.0,1.0,0.0,1,0.333333,0,0.0,0.454545,0.454545,0.454545,0.0,1,0.454545,0.454545,0.454545,0.0,1,0.454545,0.454545,0.454545,0.0,1,0.25,0.0,0.0,0.0,0.0,0.0,0.0,0.0,0.0,0.0,0.0,0.0,0.0,1,1,1,1,1,1,2.48491,3.4012,1.59497,-0.111696,1.70667,1e-05,1e-06,0.0,2e-06,7e-06,3e-06,2e-06,4e-06,2e-06,2e-06,2e-06,1e-06
g002635.zip,18,20,0.0,0.0,0.0,0.0,1,0.0588235,0.176471,0.130719,0.0502036,0,1.0,0.00483562,1.0,0.353245,0.303445,0,0.166667,0,-0.20603,0.0980392,0.176471,0.153595,0.0263472,0,0.143791,0.164706,0.156754,0.00924451,0,0.0588235,0.117647,0.0915033,0.0292296,0,0.5,0.0,0.921963,1.25233,1.09347,0.916291,0.71784,0.0,0.365558,0.566817,0.504665,0.503078,0.201803,1,0,1,0,0,0,2.89037,2.99573,16.109,15.2887,0.820312,1e-05,4e-06,0.0,1e-06,8e-06,4e-06,2e-06,4e-06,3e-06,2e-06,3e-06,1e-06
g002651.zip,14,13,0.0,0.0,0.0,0.0,1,0.0769231,0.230769,0.142857,0.0640764,0,1.0,0.000104397,1.0,0.431621,0.315478,0,0.214286,0,-0.564815,0.102564,0.230769,0.186813,0.0435343,0,0.134615,0.217949,0.181624,0.0348494,0,0.0769231,0.0769231,0.0769231,0.0,1,0.571429,0.0,0.913519,1.05131,1.02097,0.916291,0.0,0.0,0.240889,0.371193,0.318171,0.358403,0.0,1,1,1,0,0,1,2.63906,2.56495,16.0158,15.4482,0.567519,1e-05,3e-06,1e-06,1e-06,6e-06,3e-06,1e-06,3e-06,2e-06,1e-06,2e-06,1e-06
g002663.zip,9,18,0.333333,0.333333,0.333333,0.0,1,0.5,0.5,0.5,0.0,1,1.0,1.0,1.0,1.0,0.0,1,0.444444,0,0.0,0.5,0.5,0.5,0.0,1,0.5,0.5,0.5,0.0,1,0.5,0.5,0.5,0.0,1,0.333333,0.0,0.0,0.0,0.0,0.0,0.0,0.0,0.0,0.0,0.0,0.0,0.0,1,1,1,1,1,1,2.19722,2.89037,1.38629,-0.000390804,1.38669,1e-05,1e-06,0.0,3e-06,8e-06,3e-06,1e-06,4e-06,1e-06,1e-06,2e-06,1e-06
g002667.zip,14,13,0.0,0.0,0.0,0.0,1,0.0769231,0.230769,0.142857,0.0640764,0,1.0,0.26925,1.0,0.538417,0.225207,0,0.214286,0,-0.564815,0.102564,0.230769,0.186813,0.0456408,0,0.134615,0.217949,0.181624,0.0348494,0,0.0769231,0.0769231,0.0769231,0.0,1,0.571429,0.0,0.913519,1.12765,1.12679,0.916291,0.0,0.0,0.240889,0.40957,0.467815,0.358403,0.0,1,1,1,0,0,1,2.63906,2.56495,16.1686,15.7149,0.453649,1.1e-05,3e-06,1e-06,1e-06,6e-06,3e-06,1e-06,3e-06,2e-06,2e-06,3e-06,1e-06
g002672.zip,20,30,0.0,0.0,0.0,0.0,1,0.157895,0.157895,0.157895,0.0,1,1.0,1.0,1.0,1.0,0.0,1,0.15,0,0.0,0.157895,0.157895,0.157895,0.0,1,0.157895,0.157895,0.157895,0.0,1,0.157895,0.157895,0.157895,0.0,1,0.4,0.0,0.0,0.0,0.0,0.0,0.0,0.0,0.0,0.0,0.0,0.0,0.0,1,1,1,1,1,1,2.99573,3.4012,1.93792,0.396562,1.54135,1e-05,1e-06,0.0,2e-06,8e-06,4e-06,2e-06,3e-06,2e-06,2e-06,3e-06,2e-06
g002737.zip,8,21,0.6,0.6,0.6,0.0,1,0.714286,0.857143,0.75,0.061859,0,1.0,1.0,1.0,1.0,0.0,1,0.375,0,-0.4,0.714286,0.771429,0.757143,0.0247436,0,0.714286,0.771429,0.742857,0.0285714,0,0.714286,0.714286,0.714286,0.0,1,0.375,0.0,1.20397,0.0,1.20397,0.693147,0.0,0.0,0.767652,0.0,0.767652,5.77316e-15,0.0,1,1,1,0,1,1,2.07944,3.04452,1.30073,0.134566,1.16617,9e-06,3e-06,0.0,2e-06,6e-06,3e-06,1e-06,3e-06,2e-06,4e-06,2e-06,1e-06
g002760.zip,12,30,0.5,0.5,0.5,0.0,1,0.454545,0.454545,0.454545,0.0,1,1.0,1.0,1.0,1.0,0.0,1,0.333333,0,0.0,0.454545,0.454545,0.454545,0.0,1,0.454545,0.454545,0.454545,0.0,1,0.454545,0.454545,0.454545,0.0,1,0.25,0.0,0.0,0.0,0.0,0.0,0.0,0.0,0.0,0.0,0.0,0.0,0.0,1,1,1,1,1,1,2.48491,3.4012,1.59497,-0.111696,1.70667,1e-05,0.0,0.0,2e-06,7e-06,4e-06,2e-06,3e-06,1e-06,1e-06,2e-06,1e-06
g002766.zip,8,12,0.0,0.0,0.0,0.0,1,0.428571,0.428571,0.428571,0.0,1,1.0,1.0,1.0,1.0,0.0,1,0.25,0,0.0,0.428571,0.428571,0.428571,0.0,1,0.428571,0.428571,0.428571,0.0,1,0.428571,0.428571,0.428571,0.0,1,0.5,0.0,0.0,0.0,0.0,0.0,0.0,0.0,0.0,0.0,0.0,0.0,0.0,1,1,1,1,1,1,2.07944,2.48491,1.2966,0.69215,0.604453,9e-06,1e-06,0.0,2e-06,6e-06,2e-06,1e-06,3e-06,1e-06,2e-06,2e-06,1e-06
g002909.zip,11,18,0.0,0.0,0.0,0.0,1,0.3,0.4,0.327273,0.0445362,0,1.0,1.0,1.0,1.0,0.0,1,0.181818,0,-0.5,0.3,0.366667,0.336364,0.0331953,0,0.3,0.35,0.325,0.025,0,0.3,0.3,0.3,0.0,1,0.545455,0.0,1.11241,0.0,0.709676,0.693147,0.0,0.0,0.703405,0.0,0.167694,3.33067e-15,0.0,1,1,1,0,1,1,2.3979,2.89037,1.55008,0.902469,0.647615,1e-05,3e-06,0.0,1e-06,6e-06,3e-06,1e-06,3e-06,2e-06,5e-06,2e-06,1e-06
g002942.zip,14,63,0.583333,0.666667,0.648148,0.0292803,0,0.692308,0.692308,0.692308,0.0,1,1.0,1.0,1.0,1.0,0.0,1,0.571429,0,0.0,0.692308,0.692308,0.692308,0.0,1,0.692308,0.692308,0.692308,0.0,1,0.692308,0.692308,0.692308,0.0,1,0.142857,1.40118,0.0,0.0,0.0,0.0,0.0,0.817535,0.0,0.0,0.0,0.0,0.0,0,1,1,1,1,1,2.63906,4.14313,1.70171,-0.100313,1.80202,1.5e-05,1e-06,0.0,2e-06,8e-06,4e-06,3e-06,4e-06,2e-06,3e-06,2e-06,1e-06
g003183.zip,17,20,0.0,0.333333,0.185185,0.165635,0,0.0625,0.25,0.147059,0.056479,0,1.0,0.0201283,1.0,0.436815,0.299175,0,0.176471,0,0.0163934,0.104167,0.208333,0.169118,0.0326542,0,0.164062,0.1875,0.173828,0.00851347,0,0.0625,0.125,0.106618,0.0284778,0,0.529412,0.71784,1.08538,1.02521,1.23431,1.13042,1.03555,0.201803,0.242727,0.180503,0.703074,0.502001,0.643797,0,0,1,0,1,0,2.83321,2.99573,16.4638,15.8648,0.599063,1.1e-05,2e-06,0.0,3e-06,7e-06,4e-06,2e-06,3e-06,2e-06,3e-06,3e-06,2e-06
g003184.zip,17,68,0.428571,0.428571,0.428571,0.0,1,0.5,0.5,0.5,0.0,1,1.0,1.0,1.0,1.0,0.0,1,0.352941,0,0.0,0.5,0.5,0.5,0.0,1,0.5,0.5,0.5,0.0,1,0.5,0.5,0.5,0.0,1,0.176471,0.0,0.0,0.0,0.0,0.0,0.0,0.0,0.0,0.0,0.0,0.0,0.0,1,1,1,1,1,1,2.83321,4.21951,1.83198,-0.445692,2.27767,1.2e-05,1e-06,1e-06,3e-06,1e-05,5e-06,3e-06,7e-06,3e-06,2e-06,3e-06,2e-06
g003199.zip,20,187,0.982456,0.986928,0.983947,0.0021081,0,0.947368,1.0,0.984211,0.0241188,0,0.0,-1.0,-0.01,-0.490642,0.295183,0,0.85,0,-0.0935673,0.98338,0.988304,0.984857,0.00225673,0,0.98338,0.988304,0.985842,0.0024623,0,0.947368,0.947368,0.947368,0.0,1,0.1,0.916291,1.01592,1.01256,1.01592,0.693147,0.0,0.5348,0.627473,0.0542749,0.627473,0.0,0.0,1,0,1,1,1,1,2.99573,5.23111,6.29305,3.3746,2.91845,1.7e-05,2e-06,1e-06,5e-06,1.3e-05,6e-06,8e-06,7e-06,4e-06,8e-06,3e-06,2e-06
